"Date (TU)","Valeur (en m³/s)","Statut","Qualification","Méthode","Continuité"
2024-01-01T02:00:00.000Z,"530","8",16,8,0
2024-01-01T05:00:00.000Z,"555","8",16,8,0
2024-01-01T08:00:00.000Z,"547","8",16,8,0
2024-01-01T11:00:00.000Z,"523","8",16,8,0
2024-01-01T14:00:00.000Z,"503","8",16,8,0
2024-01-01T17:00:00.000Z,"485","8",16,8,0
2024-01-01T20:00:00.000Z,"472","8",16,8,0
2024-01-01T23:00:00.000Z,"473","8",16,8,0
2024-01-02T02:00:00.000Z,"479","8",16,8,0
2024-01-02T05:00:00.000Z,"481","8",16,8,0
2024-01-02T08:00:00.000Z,"482","8",16,8,0
2024-01-02T11:00:00.000Z,"485","8",16,8,0
2024-01-02T14:00:00.000Z,"487","8",16,8,0
2024-01-02T17:00:00.000Z,"488","8",16,8,0
2024-01-02T20:00:00.000Z,"487","8",16,8,0
2024-01-02T23:00:00.000Z,"485","8",16,8,0
2024-01-03T02:00:00.000Z,"483","8",16,8,0
2024-01-03T05:00:00.000Z,"503","8",16,8,0
2024-01-03T08:00:00.000Z,"524","8",16,8,0
2024-01-03T11:00:00.000Z,"514","8",16,8,0
2024-01-03T14:00:00.000Z,"508","8",16,8,0
2024-01-03T17:00:00.000Z,"547","8",16,8,0
2024-01-03T20:00:00.000Z,"590","8",16,8,0
2024-01-03T23:00:00.000Z,"599","8",16,8,0
2024-01-04T02:00:00.000Z,"603","8",16,8,0
2024-01-04T05:00:00.000Z,"595","8",16,8,0
2024-01-04T08:00:00.000Z,"558","8",16,8,0
2024-01-04T11:00:00.000Z,"509","8",16,8,0
2024-01-04T14:00:00.000Z,"475","8",16,8,0
2024-01-04T17:00:00.000Z,"490","8",16,8,0
2024-01-04T20:00:00.000Z,"537","8",16,8,0
2024-01-04T23:00:00.000Z,"565","8",16,8,0
2024-01-05T02:00:00.000Z,"584","8",16,8,0
2024-01-05T05:00:00.000Z,"597","8",16,8,0
2024-01-05T08:00:00.000Z,"601","8",16,8,0
2024-01-05T11:00:00.000Z,"589","8",16,8,0
2024-01-05T14:00:00.000Z,"578","8",16,8,0
2024-01-05T17:00:00.000Z,"588","8",16,8,0
2024-01-05T20:00:00.000Z,"620","8",16,8,0
2024-01-05T23:00:00.000Z,"668","8",16,8,0
2024-01-06T02:00:00.000Z,"710","8",16,8,0
2024-01-06T05:00:00.000Z,"719","8",16,8,0
2024-01-06T08:00:00.000Z,"692","8",16,8,0
2024-01-06T11:00:00.000Z,"664","8",16,8,0
2024-01-06T14:00:00.000Z,"664","8",16,8,0
2024-01-06T17:00:00.000Z,"707","8",16,8,0
2024-01-06T20:00:00.000Z,"764","8",16,8,0
2024-01-06T23:00:00.000Z,"794","8",16,8,0
2024-01-07T02:00:00.000Z,"808","8",16,8,0
2024-01-07T05:00:00.000Z,"797","8",16,8,0
2024-01-07T08:00:00.000Z,"763","8",16,8,0
2024-01-07T11:00:00.000Z,"733","8",16,8,0
2024-01-07T14:00:00.000Z,"706","8",16,8,0
2024-01-07T17:00:00.000Z,"694","8",16,8,0
2024-01-07T20:00:00.000Z,"688","8",16,8,0
2024-01-07T23:00:00.000Z,"693","8",16,8,0
2024-01-08T02:00:00.000Z,"693","8",16,8,0
2024-01-08T05:00:00.000Z,"689","8",16,8,0
2024-01-08T08:00:00.000Z,"663","8",16,8,0
2024-01-08T11:00:00.000Z,"639","8",16,8,0
2024-01-08T14:00:00.000Z,"641","8",16,8,0
2024-01-08T17:00:00.000Z,"656","8",16,8,0
2024-01-08T20:00:00.000Z,"649","8",16,8,0
2024-01-08T23:00:00.000Z,"637","8",16,8,0
2024-01-09T02:00:00.000Z,"647","8",16,8,0
2024-01-09T05:00:00.000Z,"636","8",16,8,0
2024-01-09T08:00:00.000Z,"607","8",16,8,0
2024-01-09T11:00:00.000Z,"588","8",16,8,0
2024-01-09T14:00:00.000Z,"605","8",16,8,0
2024-01-09T17:00:00.000Z,"655","8",16,8,0
2024-01-09T20:00:00.000Z,"701","8",16,8,0
2024-01-09T23:00:00.000Z,"715","8",16,8,0
2024-01-10T02:00:00.000Z,"706","8",16,8,0
2024-01-10T05:00:00.000Z,"700","8",16,8,0
2024-01-10T08:00:00.000Z,"692","8",16,8,0
2024-01-10T11:00:00.000Z,"677","8",16,8,0
2024-01-10T14:00:00.000Z,"676","8",16,8,0
2024-01-10T17:00:00.000Z,"693","8",16,8,0
2024-01-10T20:00:00.000Z,"712","8",16,8,0
2024-01-10T23:00:00.000Z,"746","8",16,8,0
2024-01-11T02:00:00.000Z,"776","8",16,8,0
2024-01-11T05:00:00.000Z,"752","8",16,8,0
2024-01-11T08:00:00.000Z,"699","8",16,8,0
2024-01-11T11:00:00.000Z,"657","8",16,8,0
2024-01-11T14:00:00.000Z,"667","8",16,8,0
2024-01-11T17:00:00.000Z,"707","8",16,8,0
2024-01-11T20:00:00.000Z,"721","8",16,8,0
2024-01-11T23:00:00.000Z,"723","8",16,8,0
2024-01-12T02:00:00.000Z,"704","8",16,8,0
2024-01-12T05:00:00.000Z,"713","8",16,8,0
2024-01-12T08:00:00.000Z,"724","8",16,8,0
2024-01-12T11:00:00.000Z,"701","8",16,8,0
2024-01-12T14:00:00.000Z,"722","8",16,8,0
2024-01-12T17:00:00.000Z,"771","8",16,8,0
2024-01-12T20:00:00.000Z,"795","8",16,8,0
2024-01-12T23:00:00.000Z,"798","8",16,8,0
2024-01-13T02:00:00.000Z,"793","8",16,8,0
2024-01-13T05:00:00.000Z,"798","8",16,8,0
2024-01-13T08:00:00.000Z,"786","8",16,8,0
2024-01-13T11:00:00.000Z,"771","8",16,8,0
2024-01-13T14:00:00.000Z,"784","8",16,8,0
2024-01-13T17:00:00.000Z,"797","8",16,8,0
2024-01-13T20:00:00.000Z,"803","8",16,8,0
2024-01-13T23:00:00.000Z,"809","8",16,8,0
2024-01-14T02:00:00.000Z,"804","8",16,8,0
2024-01-14T05:00:00.000Z,"781","8",16,8,0
2024-01-14T08:00:00.000Z,"731","8",16,8,0
2024-01-14T11:00:00.000Z,"687","8",16,8,0
2024-01-14T14:00:00.000Z,"653","8",16,8,0
2024-01-14T17:00:00.000Z,"646","8",16,8,0
2024-01-14T20:00:00.000Z,"654","8",16,8,0
2024-01-14T23:00:00.000Z,"661","8",16,8,0
2024-01-15T02:00:00.000Z,"672","8",16,8,0
2024-01-15T05:00:00.000Z,"692","8",16,8,0
2024-01-15T08:00:00.000Z,"687","8",16,8,0
2024-01-15T11:00:00.000Z,"671","8",16,8,0
2024-01-15T14:00:00.000Z,"665","8",16,8,0
2024-01-15T17:00:00.000Z,"679","8",16,8,0
2024-01-15T20:00:00.000Z,"686","8",16,8,0
2024-01-15T23:00:00.000Z,"689","8",16,8,0
2024-01-16T02:00:00.000Z,"686","8",16,8,0
2024-01-16T05:00:00.000Z,"657","8",16,8,0
2024-01-16T08:00:00.000Z,"608","8",16,8,0
2024-01-16T11:00:00.000Z,"584","4",16,8,0
2024-01-16T14:00:00.000Z,"627","4",16,8,0
2024-01-16T17:00:00.000Z,"703","4",16,8,0
2024-01-16T20:00:00.000Z,"755","4",16,8,0
2024-01-16T23:00:00.000Z,"796","4",16,8,0
2024-01-17T02:00:00.000Z,"837","4",16,8,0
2024-01-17T05:00:00.000Z,"850","4",16,8,0
2024-01-17T08:00:00.000Z,"857","4",16,8,0
2024-01-17T11:00:00.000Z,"876","4",16,8,0
2024-01-17T14:00:00.000Z,"912","4",16,8,0
2024-01-17T17:00:00.000Z,"937","8",16,8,0
2024-01-17T20:00:00.000Z,"943","8",16,8,0
2024-01-17T23:00:00.000Z,"951","8",16,8,0
2024-01-18T02:00:00.000Z,"963","8",16,8,0
2024-01-18T05:00:00.000Z,"946","8",16,8,0
2024-01-18T08:00:00.000Z,"901","8",16,8,0
2024-01-18T11:00:00.000Z,"857","8",16,8,0
2024-01-18T14:00:00.000Z,"859","8",16,8,0
2024-01-18T17:00:00.000Z,"903","8",16,8,0
2024-01-18T20:00:00.000Z,"954","8",16,8,0
2024-01-18T23:00:00.000Z,"990","8",16,8,0
2024-01-19T02:00:00.000Z,"1010","8",16,8,0
2024-01-19T05:00:00.000Z,"988","8",16,8,0
2024-01-19T08:00:00.000Z,"943","8",16,8,0
2024-01-19T11:00:00.000Z,"900","8",16,8,0
2024-01-19T14:00:00.000Z,"897","8",16,8,0
2024-01-19T17:00:00.000Z,"947","8",16,8,0
2024-01-19T20:00:00.000Z,"1000","8",16,8,0
2024-01-19T23:00:00.000Z,"1040","8",16,8,0
2024-01-20T02:00:00.000Z,"1050","8",16,8,0
2024-01-20T05:00:00.000Z,"1040","8",16,8,0
2024-01-20T08:00:00.000Z,"1030","8",16,8,0
2024-01-20T11:00:00.000Z,"1030","8",16,8,0
2024-01-20T14:00:00.000Z,"1020","8",16,8,0
2024-01-20T17:00:00.000Z,"994","8",16,8,0
2024-01-20T20:00:00.000Z,"972","8",16,8,0
2024-01-20T23:00:00.000Z,"966","8",16,8,0
2024-01-21T02:00:00.000Z,"964","8",16,8,0
2024-01-21T05:00:00.000Z,"939","8",16,8,0
2024-01-21T08:00:00.000Z,"901","8",16,8,0
2024-01-21T11:00:00.000Z,"870","8",16,8,0
2024-01-21T14:00:00.000Z,"865","8",16,8,0
2024-01-21T17:00:00.000Z,"865","8",16,8,0
2024-01-21T20:00:00.000Z,"860","8",16,8,0
2024-01-21T23:00:00.000Z,"868","8",16,8,0
2024-01-22T02:00:00.000Z,"870","8",16,8,0
2024-01-22T05:00:00.000Z,"855","8",16,8,0
2024-01-22T08:00:00.000Z,"834","8",16,8,0
2024-01-22T11:00:00.000Z,"804","8",16,8,0
2024-01-22T14:00:00.000Z,"746","8",16,8,0
2024-01-22T17:00:00.000Z,"682","8",16,8,0
2024-01-22T20:00:00.000Z,"630","8",16,8,0
2024-01-22T23:00:00.000Z,"592","8",16,8,0
2024-01-23T02:00:00.000Z,"581","8",16,8,0
2024-01-23T05:00:00.000Z,"592","8",16,8,0
2024-01-23T08:00:00.000Z,"591","8",16,8,0
2024-01-23T11:00:00.000Z,"566","8",16,8,0
2024-01-23T14:00:00.000Z,"564","8",16,8,0
2024-01-23T17:00:00.000Z,"597","8",16,8,0
2024-01-23T20:00:00.000Z,"617","8",16,8,0
2024-01-23T23:00:00.000Z,"610","8",16,8,0
2024-01-24T02:00:00.000Z,"616","8",16,8,0
2024-01-24T05:00:00.000Z,"613","8",16,8,0
2024-01-24T08:00:00.000Z,"590","8",16,8,0
2024-01-24T11:00:00.000Z,"559","8",16,8,0
2024-01-24T14:00:00.000Z,"552","8",16,8,0
2024-01-24T17:00:00.000Z,"567","8",16,8,0
2024-01-24T20:00:00.000Z,"584","8",16,8,0
2024-01-24T23:00:00.000Z,"592","8",16,8,0
2024-01-25T02:00:00.000Z,"601","8",16,8,0
2024-01-25T05:00:00.000Z,"577","8",16,8,0
2024-01-25T08:00:00.000Z,"546","8",16,8,0
2024-01-25T11:00:00.000Z,"523","8",16,8,0
2024-01-25T14:00:00.000Z,"505","8",16,8,0
2024-01-25T17:00:00.000Z,"499","8",16,8,0
2024-01-25T20:00:00.000Z,"509","8",16,8,0
2024-01-25T23:00:00.000Z,"527","8",16,8,0
2024-01-26T02:00:00.000Z,"543","8",16,8,0
2024-01-26T05:00:00.000Z,"550","8",16,8,0
2024-01-26T08:00:00.000Z,"543","8",16,8,0
2024-01-26T11:00:00.000Z,"532","8",16,8,0
2024-01-26T14:00:00.000Z,"530","8",16,8,0
2024-01-26T17:00:00.000Z,"525","8",16,8,0
2024-01-26T20:00:00.000Z,"525","8",16,8,0
2024-01-26T23:00:00.000Z,"553","8",16,8,0
2024-01-27T02:00:00.000Z,"585","8",16,8,0
2024-01-27T05:00:00.000Z,"588","8",16,8,0
2024-01-27T08:00:00.000Z,"562","8",16,8,0
2024-01-27T11:00:00.000Z,"524","8",16,8,0
2024-01-27T14:00:00.000Z,"502","8",16,8,0
2024-01-27T17:00:00.000Z,"494","8",16,8,0
2024-01-27T20:00:00.000Z,"486","8",16,8,0
2024-01-27T23:00:00.000Z,"476","8",16,8,0
2024-01-28T02:00:00.000Z,"481","8",16,8,0
2024-01-28T05:00:00.000Z,"491","8",16,8,0
2024-01-28T08:00:00.000Z,"492","8",16,8,0
2024-01-28T11:00:00.000Z,"485","8",16,8,0
2024-01-28T14:00:00.000Z,"479","8",16,8,0
2024-01-28T17:00:00.000Z,"478","8",16,8,0
2024-01-28T20:00:00.000Z,"485","8",16,8,0
2024-01-28T23:00:00.000Z,"493","8",16,8,0
2024-01-29T02:00:00.000Z,"503","8",16,8,0
2024-01-29T05:00:00.000Z,"519","8",16,8,0
2024-01-29T08:00:00.000Z,"520","8",16,8,0
2024-01-29T11:00:00.000Z,"505","8",16,8,0
2024-01-29T14:00:00.000Z,"478","4",16,8,0
2024-01-29T17:00:00.000Z,"447","4",16,8,0
2024-01-29T20:00:00.000Z,"434","4",16,8,0
2024-01-29T23:00:00.000Z,"423","4",16,8,0
2024-01-30T02:00:00.000Z,"415","4",16,8,0
2024-01-30T05:00:00.000Z,"407","4",16,8,0
2024-01-30T08:00:00.000Z,"394","4",16,8,0
2024-01-30T11:00:00.000Z,"387","4",16,8,0
2024-01-30T14:00:00.000Z,"397","4",16,8,0
2024-01-30T17:00:00.000Z,"454","4",16,8,0
2024-01-30T20:00:00.000Z,"525","4",16,8,0
2024-01-30T23:00:00.000Z,"540","4",16,8,0
2024-01-31T02:00:00.000Z,"554","4",16,8,0
2024-01-31T05:00:00.000Z,"587","4",16,8,0
2024-01-31T08:00:00.000Z,"555","4",16,8,0
2024-01-31T11:00:00.000Z,"501","4",16,8,0
2024-01-31T14:00:00.000Z,"467","4",16,8,0
2024-01-31T17:00:00.000Z,"458","4",16,8,0
2024-01-31T20:00:00.000Z,"476","4",16,8,0
2024-01-31T23:00:00.000Z,"494","4",16,8,0
2024-02-01T02:00:00.000Z,"512","4",16,8,0
2024-02-01T05:00:00.000Z,"531","4",16,8,0
2024-02-01T08:00:00.000Z,"530","4",16,8,0
2024-02-01T11:00:00.000Z,"511","4",16,8,0
2024-02-01T14:00:00.000Z,"505","4",16,8,0
2024-02-01T17:00:00.000Z,"514","4",16,8,0
2024-02-01T20:00:00.000Z,"516","4",16,8,0
2024-02-01T23:00:00.000Z,"510","4",16,8,0
2024-02-02T02:00:00.000Z,"496","4",16,8,0
2024-02-02T05:00:00.000Z,"469","4",16,8,0
2024-02-02T08:00:00.000Z,"433","4",16,8,0
2024-02-02T11:00:00.000Z,"404","4",16,8,0
2024-02-02T14:00:00.000Z,"398","4",16,8,0
2024-02-02T17:00:00.000Z,"411","4",16,8,0
2024-02-02T20:00:00.000Z,"425","4",16,8,0
2024-02-02T23:00:00.000Z,"443","4",16,8,0
2024-02-03T02:00:00.000Z,"464","4",16,8,0
2024-02-03T05:00:00.000Z,"481","4",16,8,0
2024-02-03T08:00:00.000Z,"488","4",16,8,0
2024-02-03T11:00:00.000Z,"476","4",16,8,0
2024-02-03T14:00:00.000Z,"447","4",16,8,0
2024-02-03T17:00:00.000Z,"421","4",16,8,0
2024-02-03T20:00:00.000Z,"414","4",16,8,0
2024-02-03T23:00:00.000Z,"402","4",16,8,0
2024-02-04T02:00:00.000Z,"390","4",16,8,0
2024-02-04T05:00:00.000Z,"386","4",16,8,0
2024-02-04T08:00:00.000Z,"376","4",16,8,0
2024-02-04T11:00:00.000Z,"357","4",16,8,0
2024-02-04T14:00:00.000Z,"326","4",16,8,0
2024-02-04T17:00:00.000Z,"311","4",16,8,0
2024-02-04T20:00:00.000Z,"334","4",16,8,0
2024-02-04T23:00:00.000Z,"351","4",16,8,0
2024-02-05T02:00:00.000Z,"359","4",16,8,0
2024-02-05T05:00:00.000Z,"377","4",16,8,0
2024-02-05T08:00:00.000Z,"382","4",16,8,0
2024-02-05T11:00:00.000Z,"354","4",16,8,0
2024-02-05T14:00:00.000Z,"312","4",16,8,0
2024-02-05T17:00:00.000Z,"298","4",16,8,0
2024-02-05T20:00:00.000Z,"309","4",16,8,0
2024-02-05T23:00:00.000Z,"299","4",16,8,0
2024-02-06T02:00:00.000Z,"290","4",16,8,0
2024-02-06T05:00:00.000Z,"299","4",16,8,0
2024-02-06T08:00:00.000Z,"310","4",16,8,0
2024-02-06T11:00:00.000Z,"306","4",16,8,0
2024-02-06T14:00:00.000Z,"305","4",16,8,0
2024-02-06T17:00:00.000Z,"329","4",16,8,0
2024-02-06T20:00:00.000Z,"375","4",16,8,0
2024-02-06T23:00:00.000Z,"405","4",16,8,0
2024-02-07T02:00:00.000Z,"435","4",16,8,0
2024-02-07T05:00:00.000Z,"438","4",16,8,0
2024-02-07T08:00:00.000Z,"419","4",16,8,0
2024-02-07T11:00:00.000Z,"388","4",16,8,0
2024-02-07T14:00:00.000Z,"356","4",16,8,0
2024-02-07T17:00:00.000Z,"339","4",16,8,0
2024-02-07T20:00:00.000Z,"326","4",16,8,0
2024-02-07T23:00:00.000Z,"320","4",16,8,0
2024-02-08T02:00:00.000Z,"320","4",16,8,0
2024-02-08T05:00:00.000Z,"324","4",16,8,0
2024-02-08T08:00:00.000Z,"324","4",16,8,0
2024-02-08T11:00:00.000Z,"310","4",16,8,0
2024-02-08T14:00:00.000Z,"304","4",16,8,0
2024-02-08T17:00:00.000Z,"318","4",16,8,0
2024-02-08T20:00:00.000Z,"335","4",16,8,0
2024-02-08T23:00:00.000Z,"344","4",16,8,0
2024-02-09T02:00:00.000Z,"362","4",16,8,0
2024-02-09T05:00:00.000Z,"377","4",16,8,0
2024-02-09T08:00:00.000Z,"380","4",16,8,0
2024-02-09T11:00:00.000Z,"373","4",16,8,0
2024-02-09T14:00:00.000Z,"363","8",16,8,0
2024-02-09T17:00:00.000Z,"353","8",16,8,0
2024-02-09T20:00:00.000Z,"347","8",16,8,0
2024-02-09T23:00:00.000Z,"333","8",16,8,0
2024-02-10T02:00:00.000Z,"316","8",16,8,0
2024-02-10T05:00:00.000Z,"331","8",16,8,0
2024-02-10T08:00:00.000Z,"331","8",16,8,0
2024-02-10T11:00:00.000Z,"313","8",16,8,0
2024-02-10T14:00:00.000Z,"293","8",16,8,0
2024-02-10T17:00:00.000Z,"300","8",16,8,0
2024-02-10T20:00:00.000Z,"328","8",16,8,0
2024-02-10T23:00:00.000Z,"337","8",16,8,0
2024-02-11T02:00:00.000Z,"373","8",16,8,0
2024-02-11T05:00:00.000Z,"407","8",16,8,0
2024-02-11T08:00:00.000Z,"408","8",16,8,0
2024-02-11T11:00:00.000Z,"432","8",16,8,0
2024-02-11T14:00:00.000Z,"478","8",16,8,0
2024-02-11T17:00:00.000Z,"564","8",16,8,0
2024-02-11T20:00:00.000Z,"633","8",16,8,0
2024-02-11T23:00:00.000Z,"670","8",16,8,0
2024-02-12T02:00:00.000Z,"695","8",16,8,0
2024-02-12T05:00:00.000Z,"701","8",16,8,0
2024-02-12T08:00:00.000Z,"726","8",16,8,0
2024-02-12T11:00:00.000Z,"765","8",16,8,0
2024-02-12T14:00:00.000Z,"835","8",16,8,0
2024-02-12T17:00:00.000Z,"897","8",16,8,0
2024-02-12T20:00:00.000Z,"948","8",16,8,0
2024-02-12T23:00:00.000Z,"993","8",16,8,0
2024-02-13T02:00:00.000Z,"1000","8",16,8,0
2024-02-13T05:00:00.000Z,"985","8",16,8,0
2024-02-13T08:00:00.000Z,"983","8",16,8,0
2024-02-13T11:00:00.000Z,"1000","8",16,8,0
2024-02-13T14:00:00.000Z,"1040","8",16,8,0
2024-02-13T17:00:00.000Z,"1030","8",16,8,0
2024-02-13T20:00:00.000Z,"995","8",16,8,0
2024-02-13T23:00:00.000Z,"993","8",16,8,0
2024-02-14T02:00:00.000Z,"994","8",16,8,0
2024-02-14T05:00:00.000Z,"981","8",16,8,0
2024-02-14T08:00:00.000Z,"957","8",16,8,0
2024-02-14T11:00:00.000Z,"941","8",16,8,0
2024-02-14T14:00:00.000Z,"936","8",16,8,0
2024-02-14T17:00:00.000Z,"930","8",16,8,0
2024-02-14T20:00:00.000Z,"903","8",16,8,0
2024-02-14T23:00:00.000Z,"892","8",16,8,0
2024-02-15T02:00:00.000Z,"881","8",16,8,0
2024-02-15T05:00:00.000Z,"830","8",16,8,0
2024-02-15T08:00:00.000Z,"780","8",16,8,0
2024-02-15T11:00:00.000Z,"754","8",16,8,0
2024-02-15T14:00:00.000Z,"744","8",16,8,0
2024-02-15T17:00:00.000Z,"752","8",16,8,0
2024-02-15T20:00:00.000Z,"746","8",16,8,0
2024-02-15T23:00:00.000Z,"749","8",16,8,0
2024-02-16T02:00:00.000Z,"758","8",16,8,0
2024-02-16T05:00:00.000Z,"736","8",16,8,0
2024-02-16T08:00:00.000Z,"687","8",16,8,0
2024-02-16T11:00:00.000Z,"649","8",16,8,0
2024-02-16T14:00:00.000Z,"635","8",16,8,0
2024-02-16T17:00:00.000Z,"653","8",16,8,0
2024-02-16T20:00:00.000Z,"680","8",16,8,0
2024-02-16T23:00:00.000Z,"701","8",16,8,0
2024-02-17T02:00:00.000Z,"740","8",16,8,0
2024-02-17T05:00:00.000Z,"797","8",16,8,0
2024-02-17T08:00:00.000Z,"827","8",16,8,0
2024-02-17T11:00:00.000Z,"836","8",16,8,0
2024-02-17T14:00:00.000Z,"868","8",16,8,0
2024-02-17T17:00:00.000Z,"933","8",16,8,0
2024-02-17T20:00:00.000Z,"990","8",16,8,0
2024-02-17T23:00:00.000Z,"1040","8",16,8,0
2024-02-18T02:00:00.000Z,"1080","8",16,8,0
2024-02-18T05:00:00.000Z,"1120","8",16,8,0
2024-02-18T08:00:00.000Z,"1130","8",16,8,0
2024-02-18T11:00:00.000Z,"1110","8",16,8,0
2024-02-18T14:00:00.000Z,"1090","8",16,8,0
2024-02-18T17:00:00.000Z,"1040","8",16,8,0
2024-02-18T20:00:00.000Z,"995","8",16,8,0
2024-02-18T23:00:00.000Z,"947","8",16,8,0
2024-02-19T02:00:00.000Z,"892","8",16,8,0
2024-02-19T05:00:00.000Z,"862","8",16,8,0
2024-02-19T08:00:00.000Z,"871","8",16,8,0
2024-02-19T11:00:00.000Z,"885","8",16,8,0
2024-02-19T14:00:00.000Z,"902","8",16,8,0
2024-02-19T17:00:00.000Z,"860","8",16,8,0
2024-02-19T20:00:00.000Z,"777","8",16,8,0
2024-02-19T23:00:00.000Z,"722","8",16,8,0
2024-02-20T02:00:00.000Z,"707","8",16,8,0
2024-02-20T05:00:00.000Z,"705","8",16,8,0
2024-02-20T08:00:00.000Z,"695","8",16,8,0
2024-02-20T11:00:00.000Z,"689","8",16,8,0
2024-02-20T14:00:00.000Z,"681","8",16,8,0
2024-02-20T17:00:00.000Z,"673","8",16,8,0
2024-02-20T20:00:00.000Z,"676","8",16,8,0
2024-02-20T23:00:00.000Z,"678","8",16,8,0
2024-02-21T02:00:00.000Z,"666","8",16,8,0
2024-02-21T05:00:00.000Z,"660","8",16,8,0
2024-02-21T08:00:00.000Z,"661","8",16,8,0
2024-02-21T11:00:00.000Z,"669","8",16,8,0
2024-02-21T14:00:00.000Z,"684","8",16,8,0
2024-02-21T17:00:00.000Z,"688","8",16,8,0
2024-02-21T20:00:00.000Z,"681","8",16,8,0
2024-02-21T23:00:00.000Z,"678","8",16,8,0
2024-02-22T02:00:00.000Z,"675","8",16,8,0
2024-02-22T05:00:00.000Z,"662","8",16,8,0
2024-02-22T08:00:00.000Z,"649","8",16,8,0
2024-02-22T11:00:00.000Z,"644","8",16,8,0
2024-02-22T14:00:00.000Z,"638","8",16,8,0
2024-02-22T17:00:00.000Z,"629","8",16,8,0
2024-02-22T20:00:00.000Z,"608","8",16,8,0
2024-02-22T23:00:00.000Z,"583","8",16,8,0
2024-02-23T02:00:00.000Z,"558","8",16,8,0
2024-02-23T05:00:00.000Z,"525","8",16,8,0
2024-02-23T08:00:00.000Z,"518","8",16,8,0
2024-02-23T11:00:00.000Z,"519","8",16,8,0
2024-02-23T14:00:00.000Z,"507","8",16,8,0
2024-02-23T17:00:00.000Z,"532","8",16,8,0
2024-02-23T20:00:00.000Z,"604","8",16,8,0
2024-02-23T23:00:00.000Z,"646","8",16,8,0
2024-02-24T02:00:00.000Z,"670","8",16,8,0
2024-02-24T05:00:00.000Z,"687","8",16,8,0
2024-02-24T08:00:00.000Z,"731","8",16,8,0
2024-02-24T11:00:00.000Z,"784","8",16,8,0
2024-02-24T14:00:00.000Z,"837","8",16,8,0
2024-02-24T17:00:00.000Z,"874","8",16,8,0
2024-02-24T20:00:00.000Z,"880","8",16,8,0
2024-02-24T23:00:00.000Z,"880","8",16,8,0
2024-02-25T02:00:00.000Z,"896","8",16,8,0
2024-02-25T05:00:00.000Z,"918","8",16,8,0
2024-02-25T08:00:00.000Z,"935","8",16,8,0
2024-02-25T11:00:00.000Z,"952","8",16,8,0
2024-02-25T14:00:00.000Z,"970","8",16,8,0
2024-02-25T17:00:00.000Z,"987","8",16,8,0
2024-02-25T20:00:00.000Z,"1050","8",16,8,0
2024-02-25T23:00:00.000Z,"1160","8",16,8,0
2024-02-26T02:00:00.000Z,"1260","8",16,8,0
2024-02-26T05:00:00.000Z,"1340","8",16,8,0
2024-02-26T08:00:00.000Z,"1410","8",16,8,0
2024-02-26T11:00:00.000Z,"1500","8",16,8,0
2024-02-26T14:00:00.000Z,"1620","8",16,8,0
2024-02-26T17:00:00.000Z,"1740","8",16,8,0
2024-02-26T20:00:00.000Z,"1870","8",16,8,0
2024-02-26T23:00:00.000Z,"2040","8",16,8,0
2024-02-27T02:00:00.000Z,"2210","8",16,8,0
2024-02-27T05:00:00.000Z,"2330","8",16,8,0
2024-02-27T08:00:00.000Z,"2420","8",16,8,0
2024-02-27T11:00:00.000Z,"2480","8",16,8,0
2024-02-27T14:00:00.000Z,"2510","8",16,8,0
2024-02-27T17:00:00.000Z,"2470","8",16,8,0
2024-02-27T20:00:00.000Z,"2420","8",16,8,0
2024-02-27T23:00:00.000Z,"2350","8",16,8,0
2024-02-28T02:00:00.000Z,"2220","8",16,8,0
2024-02-28T05:00:00.000Z,"2100","8",16,8,0
2024-02-28T08:00:00.000Z,"2090","8",16,8,0
2024-02-28T11:00:00.000Z,"2090","8",16,8,0
2024-02-28T14:00:00.000Z,"2060","8",16,8,0
2024-02-28T17:00:00.000Z,"2020","8",16,8,0
2024-02-28T20:00:00.000Z,"2020","8",16,8,0
2024-02-28T23:00:00.000Z,"2050","8",16,8,0
2024-02-29T02:00:00.000Z,"2090","8",16,8,0
2024-02-29T05:00:00.000Z,"2110","8",16,8,0
2024-02-29T08:00:00.000Z,"2110","8",16,8,0
2024-02-29T11:00:00.000Z,"2080","8",16,8,0
2024-02-29T14:00:00.000Z,"2040","8",16,8,0
2024-02-29T17:00:00.000Z,"1960","8",16,8,0
2024-02-29T20:00:00.000Z,"1850","8",16,8,0
2024-02-29T23:00:00.000Z,"1740","8",16,8,0
2024-03-01T02:00:00.000Z,"1650","8",16,8,0
2024-03-01T05:00:00.000Z,"1560","8",16,8,0
2024-03-01T08:00:00.000Z,"1480","8",16,8,0
2024-03-01T11:00:00.000Z,"1460","8",16,8,0
2024-03-01T14:00:00.000Z,"1470","8",16,8,0
2024-03-01T17:00:00.000Z,"1420","8",16,8,0
2024-03-01T20:00:00.000Z,"1370","8",16,8,0
2024-03-01T23:00:00.000Z,"1360","8",16,8,0
2024-03-02T02:00:00.000Z,"1360","8",16,8,0
2024-03-02T05:00:00.000Z,"1380","8",16,8,0
2024-03-02T08:00:00.000Z,"1400","8",16,8,0
2024-03-02T11:00:00.000Z,"1460","8",16,8,0
2024-03-02T14:00:00.000Z,"1490","8",16,8,0
2024-03-02T17:00:00.000Z,"1470","8",16,8,0
2024-03-02T20:00:00.000Z,"1450","8",16,8,0
2024-03-02T23:00:00.000Z,"1440","8",16,8,0
2024-03-03T02:00:00.000Z,"1440","8",16,8,0
2024-03-03T05:00:00.000Z,"1440","8",16,8,0
2024-03-03T08:00:00.000Z,"1430","8",16,8,0
2024-03-03T11:00:00.000Z,"1400","8",16,8,0
2024-03-03T14:00:00.000Z,"1390","8",16,8,0
2024-03-03T17:00:00.000Z,"1380","8",16,8,0
2024-03-03T20:00:00.000Z,"1390","8",16,8,0
2024-03-03T23:00:00.000Z,"1430","8",16,8,0
2024-03-04T02:00:00.000Z,"1480","8",16,8,0
2024-03-04T05:00:00.000Z,"1520","8",16,8,0
2024-03-04T08:00:00.000Z,"1580","8",16,8,0
2024-03-04T11:00:00.000Z,"1630","8",16,8,0
2024-03-04T14:00:00.000Z,"1660","8",16,8,0
2024-03-04T17:00:00.000Z,"1630","8",16,8,0
2024-03-04T20:00:00.000Z,"1600","8",16,8,0
2024-03-04T23:00:00.000Z,"1550","8",16,8,0
2024-03-05T02:00:00.000Z,"1520","8",16,8,0
2024-03-05T05:00:00.000Z,"1490","8",16,8,0
2024-03-05T08:00:00.000Z,"1460","8",16,8,0
2024-03-05T11:00:00.000Z,"1440","8",16,8,0
2024-03-05T14:00:00.000Z,"1400","8",16,8,0
2024-03-05T17:00:00.000Z,"1370","8",16,8,0
2024-03-05T20:00:00.000Z,"1330","8",16,8,0
2024-03-05T23:00:00.000Z,"1320","8",16,8,0
2024-03-06T02:00:00.000Z,"1320","8",16,8,0
2024-03-06T05:00:00.000Z,"1330","8",16,8,0
2024-03-06T08:00:00.000Z,"1340","8",16,8,0
2024-03-06T11:00:00.000Z,"1360","8",16,8,0
2024-03-06T14:00:00.000Z,"1360","8",16,8,0
2024-03-06T17:00:00.000Z,"1340","8",16,8,0
2024-03-06T20:00:00.000Z,"1320","8",16,8,0
2024-03-06T23:00:00.000Z,"1350","8",16,8,0
2024-03-07T02:00:00.000Z,"1420","8",16,8,0
2024-03-07T05:00:00.000Z,"1460","8",16,8,0
2024-03-07T08:00:00.000Z,"1460","8",16,8,0
2024-03-07T11:00:00.000Z,"1460","8",16,8,0
2024-03-07T14:00:00.000Z,"1450","8",16,8,0
2024-03-07T17:00:00.000Z,"1410","8",16,8,0
2024-03-07T20:00:00.000Z,"1390","8",16,8,0
2024-03-07T23:00:00.000Z,"1370","8",16,8,0
2024-03-08T02:00:00.000Z,"1370","8",16,8,0
2024-03-08T05:00:00.000Z,"1370","8",16,8,0
2024-03-08T08:00:00.000Z,"1370","8",16,8,0
2024-03-08T11:00:00.000Z,"1360","8",16,8,0
2024-03-08T14:00:00.000Z,"1350","8",16,8,0
2024-03-08T17:00:00.000Z,"1310","8",16,8,0
2024-03-08T20:00:00.000Z,"1290","8",16,8,0
2024-03-08T23:00:00.000Z,"1380","8",16,8,0
2024-03-09T02:00:00.000Z,"1480","8",16,8,0
2024-03-09T05:00:00.000Z,"1560","8",16,8,0
2024-03-09T08:00:00.000Z,"1620","8",16,8,0
2024-03-09T11:00:00.000Z,"1640","8",16,8,0
2024-03-09T14:00:00.000Z,"1620","8",16,8,0
2024-03-09T17:00:00.000Z,"1570","8",16,8,0
2024-03-09T20:00:00.000Z,"1530","8",16,8,0
2024-03-09T23:00:00.000Z,"1510","8",16,8,0
2024-03-10T02:00:00.000Z,"1480","8",16,8,0
2024-03-10T05:00:00.000Z,"1450","8",16,8,0
2024-03-10T08:00:00.000Z,"1420","8",16,8,0
2024-03-10T11:00:00.000Z,"1400","8",16,8,0
2024-03-10T14:00:00.000Z,"1380","8",16,8,0
2024-03-10T17:00:00.000Z,"1340","8",16,8,0
2024-03-10T20:00:00.000Z,"1340","8",16,8,0
2024-03-10T23:00:00.000Z,"1490","8",16,8,0
2024-03-11T02:00:00.000Z,"1810","8",16,8,0
2024-03-11T05:00:00.000Z,"2070","8",16,8,0
2024-03-11T08:00:00.000Z,"2200","8",16,8,0
2024-03-11T11:00:00.000Z,"2290","8",16,8,0
2024-03-11T14:00:00.000Z,"2360","8",16,8,0
2024-03-11T17:00:00.000Z,"2390","8",16,8,0
2024-03-11T20:00:00.000Z,"2360","8",16,8,0
2024-03-11T23:00:00.000Z,"2240","8",16,8,0
2024-03-12T02:00:00.000Z,"2110","8",16,8,0
2024-03-12T05:00:00.000Z,"2040","8",16,8,0
2024-03-12T08:00:00.000Z,"2040","8",16,8,0
2024-03-12T11:00:00.000Z,"2090","8",16,8,0
2024-03-12T14:00:00.000Z,"2170","8",16,8,0
2024-03-12T17:00:00.000Z,"2210","8",16,8,0
2024-03-12T20:00:00.000Z,"2230","8",16,8,0
2024-03-12T23:00:00.000Z,"2240","8",16,8,0
2024-03-13T02:00:00.000Z,"2250","8",16,8,0
2024-03-13T05:00:00.000Z,"2240","8",16,8,0
2024-03-13T08:00:00.000Z,"2200","8",16,8,0
2024-03-13T11:00:00.000Z,"2090","8",16,8,0
2024-03-13T14:00:00.000Z,"1940","8",16,8,0
2024-03-13T17:00:00.000Z,"1870","8",16,8,0
2024-03-13T20:00:00.000Z,"1830","8",16,8,0
2024-03-13T23:00:00.000Z,"1790","8",16,8,0
2024-03-14T02:00:00.000Z,"1820","8",16,8,0
2024-03-14T05:00:00.000Z,"1810","8",16,8,0
2024-03-14T08:00:00.000Z,"1750","8",16,8,0
2024-03-14T11:00:00.000Z,"1690","8",16,8,0
2024-03-14T14:00:00.000Z,"1660","8",16,8,0
2024-03-14T17:00:00.000Z,"1600","8",16,8,0
2024-03-14T20:00:00.000Z,"1560","8",16,8,0
2024-03-14T23:00:00.000Z,"1560","8",16,8,0
2024-03-15T02:00:00.000Z,"1580","8",16,8,0
2024-03-15T05:00:00.000Z,"1570","8",16,8,0
2024-03-15T08:00:00.000Z,"1540","8",16,8,0
2024-03-15T11:00:00.000Z,"1500","8",16,8,0
2024-03-15T14:00:00.000Z,"1460","8",16,8,0
2024-03-15T17:00:00.000Z,"1400","8",16,8,0
2024-03-15T20:00:00.000Z,"1350","8",16,8,0
2024-03-15T23:00:00.000Z,"1330","8",16,8,0
2024-03-16T02:00:00.000Z,"1310","8",16,8,0
2024-03-16T05:00:00.000Z,"1260","8",16,8,0
2024-03-16T08:00:00.000Z,"1200","8",16,8,0
2024-03-16T11:00:00.000Z,"1160","8",16,8,0
2024-03-16T14:00:00.000Z,"1140","8",16,8,0
2024-03-16T17:00:00.000Z,"1130","8",16,8,0
2024-03-16T20:00:00.000Z,"1110","8",16,8,0
2024-03-16T23:00:00.000Z,"1120","8",16,8,0
2024-03-17T02:00:00.000Z,"1150","8",16,8,0
2024-03-17T05:00:00.000Z,"1150","8",16,8,0
2024-03-17T08:00:00.000Z,"1130","8",16,8,0
2024-03-17T11:00:00.000Z,"1120","8",16,8,0
2024-03-17T14:00:00.000Z,"1090","8",16,8,0
2024-03-17T17:00:00.000Z,"1070","8",16,8,0
2024-03-17T20:00:00.000Z,"1070","8",16,8,0
2024-03-17T23:00:00.000Z,"1080","8",16,8,0
2024-03-18T02:00:00.000Z,"1110","8",16,8,0
2024-03-18T05:00:00.000Z,"1110","8",16,8,0
2024-03-18T08:00:00.000Z,"1080","8",16,8,0
2024-03-18T11:00:00.000Z,"1060","8",16,8,0
2024-03-18T14:00:00.000Z,"1040","8",16,8,0
2024-03-18T17:00:00.000Z,"1010","8",16,8,0
2024-03-18T20:00:00.000Z,"976","8",16,8,0
2024-03-18T23:00:00.000Z,"991","8",16,8,0
2024-03-19T02:00:00.000Z,"1020","8",16,8,0
2024-03-19T05:00:00.000Z,"1010","8",16,8,0
2024-03-19T08:00:00.000Z,"1000","8",16,8,0
2024-03-19T11:00:00.000Z,"1000","8",16,8,0
2024-03-19T14:00:00.000Z,"1000","8",16,8,0
2024-03-19T17:00:00.000Z,"996","8",16,8,0
2024-03-19T20:00:00.000Z,"982","8",16,8,0
2024-03-19T23:00:00.000Z,"970","8",16,8,0
2024-03-20T02:00:00.000Z,"960","8",16,8,0
2024-03-20T05:00:00.000Z,"952","8",16,8,0
2024-03-20T08:00:00.000Z,"966","8",16,8,0
2024-03-20T11:00:00.000Z,"1000","8",16,8,0
2024-03-20T14:00:00.000Z,"1030","8",16,8,0
2024-03-20T17:00:00.000Z,"998","8",16,8,0
2024-03-20T20:00:00.000Z,"957","8",16,8,0
2024-03-20T23:00:00.000Z,"922","8",16,8,0
2024-03-21T02:00:00.000Z,"938","8",16,8,0
2024-03-21T05:00:00.000Z,"991","8",16,8,0
2024-03-21T08:00:00.000Z,"989","8",16,8,0
2024-03-21T11:00:00.000Z,"979","8",16,8,0
2024-03-21T14:00:00.000Z,"950","8",16,8,0
2024-03-21T17:00:00.000Z,"907","8",16,8,0
2024-03-21T20:00:00.000Z,"856","8",16,8,0
2024-03-21T23:00:00.000Z,"824","8",16,8,0
2024-03-22T02:00:00.000Z,"851","4",16,8,0
2024-03-22T05:00:00.000Z,"902","4",16,8,0
2024-03-22T08:00:00.000Z,"913","4",16,8,0
2024-03-22T11:00:00.000Z,"900","4",16,8,0
2024-03-22T14:00:00.000Z,"870","4",16,8,0
2024-03-22T17:00:00.000Z,"827","4",16,8,0
2024-03-22T20:00:00.000Z,"786","4",16,8,0
2024-03-22T23:00:00.000Z,"759","4",16,8,0
2024-03-23T02:00:00.000Z,"762","4",16,8,0
2024-03-23T05:00:00.000Z,"785","4",16,8,0
2024-03-23T08:00:00.000Z,"789","4",16,8,0
2024-03-23T11:00:00.000Z,"771","4",16,8,0
2024-03-23T14:00:00.000Z,"754","8",16,8,0
2024-03-23T17:00:00.000Z,"752","8",16,8,0
2024-03-23T20:00:00.000Z,"746","8",16,8,0
2024-03-23T23:00:00.000Z,"746","8",16,8,0
2024-03-24T02:00:00.000Z,"736","8",16,8,0
2024-03-24T05:00:00.000Z,"729","8",16,8,0
2024-03-24T08:00:00.000Z,"715","8",16,8,0
2024-03-24T11:00:00.000Z,"694","8",16,8,0
2024-03-24T14:00:00.000Z,"672","8",16,8,0
2024-03-24T17:00:00.000Z,"651","8",16,8,0
2024-03-24T20:00:00.000Z,"642","8",16,8,0
2024-03-24T23:00:00.000Z,"649","8",16,8,0
2024-03-25T02:00:00.000Z,"668","8",16,8,0
2024-03-25T05:00:00.000Z,"674","8",16,8,0
2024-03-25T08:00:00.000Z,"661","8",16,8,0
2024-03-25T11:00:00.000Z,"645","8",16,8,0
2024-03-25T14:00:00.000Z,"632","8",16,8,0
2024-03-25T17:00:00.000Z,"624","8",16,8,0
2024-03-25T20:00:00.000Z,"624","8",16,8,0
2024-03-25T23:00:00.000Z,"627","8",16,8,0
2024-03-26T02:00:00.000Z,"645","8",16,8,0
2024-03-26T05:00:00.000Z,"676","8",16,8,0
2024-03-26T08:00:00.000Z,"703","8",16,8,0
2024-03-26T11:00:00.000Z,"728","8",16,8,0
2024-03-26T14:00:00.000Z,"767","8",16,8,0
2024-03-26T17:00:00.000Z,"806","8",16,8,0
2024-03-26T20:00:00.000Z,"805","8",16,8,0
2024-03-26T23:00:00.000Z,"796","8",16,8,0
2024-03-27T02:00:00.000Z,"803","8",16,8,0
2024-03-27T05:00:00.000Z,"793","8",16,8,0
2024-03-27T08:00:00.000Z,"778","8",16,8,0
2024-03-27T11:00:00.000Z,"769","8",16,8,0
2024-03-27T14:00:00.000Z,"781","8",16,8,0
2024-03-27T17:00:00.000Z,"831","8",16,8,0
2024-03-27T20:00:00.000Z,"880","8",16,8,0
2024-03-27T23:00:00.000Z,"904","8",16,8,0
2024-03-28T02:00:00.000Z,"905","8",16,8,0
2024-03-28T05:00:00.000Z,"904","8",16,8,0
2024-03-28T08:00:00.000Z,"945","8",16,8,0
2024-03-28T11:00:00.000Z,"978","8",16,8,0
2024-03-28T14:00:00.000Z,"967","8",16,8,0
2024-03-28T17:00:00.000Z,"927","8",16,8,0
2024-03-28T20:00:00.000Z,"872","8",16,8,0
2024-03-28T23:00:00.000Z,"860","8",16,8,0
2024-03-29T02:00:00.000Z,"883","8",16,8,0
2024-03-29T05:00:00.000Z,"891","8",16,8,0
2024-03-29T08:00:00.000Z,"863","8",16,8,0
2024-03-29T11:00:00.000Z,"834","8",16,8,0
2024-03-29T14:00:00.000Z,"821","8",16,8,0
2024-03-29T17:00:00.000Z,"811","8",16,8,0
2024-03-29T20:00:00.000Z,"797","8",16,8,0
2024-03-29T23:00:00.000Z,"798","8",16,8,0
2024-03-30T02:00:00.000Z,"830","8",16,8,0
2024-03-30T05:00:00.000Z,"895","8",16,8,0
2024-03-30T08:00:00.000Z,"943","8",16,8,0
2024-03-30T11:00:00.000Z,"954","8",16,8,0
2024-03-30T14:00:00.000Z,"953","8",16,8,0
2024-03-30T17:00:00.000Z,"958","8",16,8,0
2024-03-30T20:00:00.000Z,"957","8",16,8,0
2024-03-30T23:00:00.000Z,"967","8",16,8,0
2024-03-31T02:00:00.000Z,"1020","8",16,8,0
2024-03-31T05:00:00.000Z,"1070","8",16,8,0
2024-03-31T08:00:00.000Z,"1080","8",16,8,0
2024-03-31T11:00:00.000Z,"1070","8",16,8,0
2024-03-31T14:00:00.000Z,"1050","8",16,8,0
2024-03-31T17:00:00.000Z,"1030","8",16,8,0
2024-03-31T20:00:00.000Z,"1010","8",16,8,0
2024-03-31T23:00:00.000Z,"1010","8",16,8,0
2024-04-01T02:00:00.000Z,"1050","8",16,8,0
2024-04-01T05:00:00.000Z,"1080","8",16,8,0
2024-04-01T08:00:00.000Z,"1070","8",16,8,0
2024-04-01T11:00:00.000Z,"1040","8",16,8,0
2024-04-01T14:00:00.000Z,"998","8",16,8,0
2024-04-01T17:00:00.000Z,"965","8",16,8,0
2024-04-01T20:00:00.000Z,"946","8",16,8,0
2024-04-01T23:00:00.000Z,"945","8",16,8,0
2024-04-02T02:00:00.000Z,"983","8",16,8,0
2024-04-02T05:00:00.000Z,"1040","8",16,8,0
2024-04-02T08:00:00.000Z,"1050","8",16,8,0
2024-04-02T11:00:00.000Z,"1010","8",16,8,0
2024-04-02T14:00:00.000Z,"981","8",16,8,0
2024-04-02T17:00:00.000Z,"995","8",16,8,0
2024-04-02T20:00:00.000Z,"999","8",16,8,0
2024-04-02T23:00:00.000Z,"977","8",16,8,0
2024-04-03T02:00:00.000Z,"954","8",16,8,0
2024-04-03T05:00:00.000Z,"939","8",16,8,0
2024-04-03T08:00:00.000Z,"926","8",16,8,0
2024-04-03T11:00:00.000Z,"926","8",16,8,0
2024-04-03T14:00:00.000Z,"918","8",16,8,0
2024-04-03T17:00:00.000Z,"895","8",16,8,0
2024-04-03T20:00:00.000Z,"869","8",16,8,0
2024-04-03T23:00:00.000Z,"856","8",16,8,0
2024-04-04T02:00:00.000Z,"846","8",16,8,0
2024-04-04T05:00:00.000Z,"837","8",16,8,0
2024-04-04T08:00:00.000Z,"824","8",16,8,0
2024-04-04T11:00:00.000Z,"815","8",16,8,0
2024-04-04T14:00:00.000Z,"803","8",16,8,0
2024-04-04T17:00:00.000Z,"779","8",16,8,0
2024-04-04T20:00:00.000Z,"759","8",16,8,0
2024-04-04T23:00:00.000Z,"748","8",16,8,0
2024-04-05T02:00:00.000Z,"731","8",16,8,0
2024-04-05T05:00:00.000Z,"712","8",16,8,0
2024-04-05T08:00:00.000Z,"704","8",16,8,0
2024-04-05T11:00:00.000Z,"688","8",16,8,0
2024-04-05T14:00:00.000Z,"667","8",16,8,0
2024-04-05T17:00:00.000Z,"661","8",16,8,0
2024-04-05T20:00:00.000Z,"657","8",16,8,0
2024-04-05T23:00:00.000Z,"660","8",16,8,0
2024-04-06T02:00:00.000Z,"671","8",16,8,0
2024-04-06T05:00:00.000Z,"681","8",16,8,0
2024-04-06T08:00:00.000Z,"677","8",16,8,0
2024-04-06T11:00:00.000Z,"649","8",16,8,0
2024-04-06T14:00:00.000Z,"622","8",16,8,0
2024-04-06T17:00:00.000Z,"617","8",16,8,0
2024-04-06T20:00:00.000Z,"631","8",16,8,0
2024-04-06T23:00:00.000Z,"631","8",16,8,0
2024-04-07T02:00:00.000Z,"624","8",16,8,0
2024-04-07T05:00:00.000Z,"621","8",16,8,0
2024-04-07T08:00:00.000Z,"604","8",16,8,0
2024-04-07T11:00:00.000Z,"587","8",16,8,0
2024-04-07T14:00:00.000Z,"573","8",16,8,0
2024-04-07T17:00:00.000Z,"554","8",16,8,0
2024-04-07T20:00:00.000Z,"552","8",16,8,0
2024-04-07T23:00:00.000Z,"575","8",16,8,0
2024-04-08T02:00:00.000Z,"598","8",16,8,0
2024-04-08T05:00:00.000Z,"596","8",16,8,0
2024-04-08T08:00:00.000Z,"589","8",16,8,0
2024-04-08T11:00:00.000Z,"584","8",16,8,0
2024-04-08T14:00:00.000Z,"571","8",16,8,0
2024-04-08T17:00:00.000Z,"554","8",16,8,0
2024-04-08T20:00:00.000Z,"546","8",16,8,0
2024-04-08T23:00:00.000Z,"543","8",16,8,0
2024-04-09T02:00:00.000Z,"549","8",16,8,0
2024-04-09T05:00:00.000Z,"587","8",16,8,0
2024-04-09T08:00:00.000Z,"614","8",16,8,0
2024-04-09T11:00:00.000Z,"629","8",16,8,0
2024-04-09T14:00:00.000Z,"614","8",16,8,0
2024-04-09T17:00:00.000Z,"588","8",16,8,0
2024-04-09T20:00:00.000Z,"578","8",16,8,0
2024-04-09T23:00:00.000Z,"575","8",16,8,0
2024-04-10T02:00:00.000Z,"569","8",16,8,0
2024-04-10T05:00:00.000Z,"573","8",16,8,0
2024-04-10T08:00:00.000Z,"592","8",16,8,0
2024-04-10T11:00:00.000Z,"609","8",16,8,0
2024-04-10T14:00:00.000Z,"614","8",16,8,0
2024-04-10T17:00:00.000Z,"618","8",16,8,0
2024-04-10T20:00:00.000Z,"631","8",16,8,0
2024-04-10T23:00:00.000Z,"639","8",16,8,0
2024-04-11T02:00:00.000Z,"645","8",16,8,0
2024-04-11T05:00:00.000Z,"656","8",16,8,0
2024-04-11T08:00:00.000Z,"657","8",16,8,0
2024-04-11T11:00:00.000Z,"648","8",16,8,0
2024-04-11T14:00:00.000Z,"643","8",16,8,0
2024-04-11T17:00:00.000Z,"636","8",16,8,0
2024-04-11T20:00:00.000Z,"642","8",16,8,0
2024-04-11T23:00:00.000Z,"672","8",16,8,0
2024-04-12T02:00:00.000Z,"682","8",16,8,0
2024-04-12T05:00:00.000Z,"678","8",16,8,0
2024-04-12T08:00:00.000Z,"653","8",16,8,0
2024-04-12T11:00:00.000Z,"621","8",16,8,0
2024-04-12T14:00:00.000Z,"623","8",16,8,0
2024-04-12T17:00:00.000Z,"650","8",16,8,0
2024-04-12T20:00:00.000Z,"656","8",16,8,0
2024-04-12T23:00:00.000Z,"649","8",16,8,0
2024-04-13T02:00:00.000Z,"646","8",16,8,0
2024-04-13T05:00:00.000Z,"637","8",16,8,0
2024-04-13T08:00:00.000Z,"609","8",16,8,0
2024-04-13T11:00:00.000Z,"574","8",16,8,0
2024-04-13T14:00:00.000Z,"554","8",16,8,0
2024-04-13T17:00:00.000Z,"538","8",16,8,0
2024-04-13T20:00:00.000Z,"528","8",16,8,0
2024-04-13T23:00:00.000Z,"531","8",16,8,0
2024-04-14T02:00:00.000Z,"521","8",16,8,0
2024-04-14T05:00:00.000Z,"522","8",16,8,0
2024-04-14T08:00:00.000Z,"513","8",16,8,0
2024-04-14T11:00:00.000Z,"493","8",16,8,0
2024-04-14T14:00:00.000Z,"466","8",16,8,0
2024-04-14T17:00:00.000Z,"446","8",16,8,0
2024-04-14T20:00:00.000Z,"444","8",16,8,0
2024-04-14T23:00:00.000Z,"464","8",16,8,0
2024-04-15T02:00:00.000Z,"468","8",16,8,0
2024-04-15T05:00:00.000Z,"452","8",16,8,0
2024-04-15T08:00:00.000Z,"443","8",16,8,0
2024-04-15T11:00:00.000Z,"442","8",16,8,0
2024-04-15T14:00:00.000Z,"440","8",16,8,0
2024-04-15T17:00:00.000Z,"449","8",16,8,0
2024-04-15T20:00:00.000Z,"451","8",16,8,0
2024-04-15T23:00:00.000Z,"441","8",16,8,0
2024-04-16T02:00:00.000Z,"437","8",16,8,0
2024-04-16T05:00:00.000Z,"447","8",16,8,0
2024-04-16T08:00:00.000Z,"472","8",16,8,0
2024-04-16T11:00:00.000Z,"484","8",16,8,0
2024-04-16T14:00:00.000Z,"491","8",16,8,0
2024-04-16T17:00:00.000Z,"494","8",16,8,0
2024-04-16T20:00:00.000Z,"481","8",16,8,0
2024-04-16T23:00:00.000Z,"452","8",16,8,0
2024-04-17T02:00:00.000Z,"421","8",16,8,0
2024-04-17T05:00:00.000Z,"415","8",16,8,0
2024-04-17T08:00:00.000Z,"425","8",16,8,0
2024-04-17T11:00:00.000Z,"423","8",16,8,0
2024-04-17T14:00:00.000Z,"417","8",16,8,0
2024-04-17T17:00:00.000Z,"410","8",16,8,0
2024-04-17T20:00:00.000Z,"418","8",16,8,0
2024-04-17T23:00:00.000Z,"442","8",16,8,0
2024-04-18T02:00:00.000Z,"458","8",16,8,0
2024-04-18T05:00:00.000Z,"469","8",16,8,0
2024-04-18T08:00:00.000Z,"482","8",16,8,0
2024-04-18T11:00:00.000Z,"492","8",16,8,0
2024-04-18T14:00:00.000Z,"497","8",16,8,0
2024-04-18T17:00:00.000Z,"488","8",16,8,0
2024-04-18T20:00:00.000Z,"475","8",16,8,0
2024-04-18T23:00:00.000Z,"467","8",16,8,0
2024-04-19T02:00:00.000Z,"462","8",16,8,0
2024-04-19T05:00:00.000Z,"471","8",16,8,0
2024-04-19T08:00:00.000Z,"497","8",16,8,0
2024-04-19T11:00:00.000Z,"508","8",16,8,0
2024-04-19T14:00:00.000Z,"502","8",16,8,0
2024-04-19T17:00:00.000Z,"481","8",16,8,0
2024-04-19T20:00:00.000Z,"461","8",16,8,0
2024-04-19T23:00:00.000Z,"454","8",16,8,0
2024-04-20T02:00:00.000Z,"451","8",16,8,0
2024-04-20T05:00:00.000Z,"436","8",16,8,0
2024-04-20T08:00:00.000Z,"409","8",16,8,0
2024-04-20T11:00:00.000Z,"403","8",16,8,0
2024-04-20T14:00:00.000Z,"404","8",16,8,0
2024-04-20T17:00:00.000Z,"392","8",16,8,0
2024-04-20T20:00:00.000Z,"382","8",16,8,0
2024-04-20T23:00:00.000Z,"394","8",16,8,0
2024-04-21T02:00:00.000Z,"402","8",16,8,0
2024-04-21T05:00:00.000Z,"415","8",16,8,0
2024-04-21T08:00:00.000Z,"427","8",16,8,0
2024-04-21T11:00:00.000Z,"413","8",16,8,0
2024-04-21T14:00:00.000Z,"382","8",16,8,0
2024-04-21T17:00:00.000Z,"367","8",16,8,0
2024-04-21T20:00:00.000Z,"358","8",16,8,0
2024-04-21T23:00:00.000Z,"350","8",16,8,0
2024-04-22T02:00:00.000Z,"358","8",16,8,0
2024-04-22T05:00:00.000Z,"373","8",16,8,0
2024-04-22T08:00:00.000Z,"384","4",16,8,0
2024-04-22T11:00:00.000Z,"378","4",16,8,0
2024-04-22T14:00:00.000Z,"356","4",16,8,0
2024-04-22T17:00:00.000Z,"341","4",16,8,0
2024-04-22T20:00:00.000Z,"330","4",16,8,0
2024-04-22T23:00:00.000Z,"327","4",16,8,0
2024-04-23T02:00:00.000Z,"321","4",16,8,0
2024-04-23T05:00:00.000Z,"342","4",16,8,0
2024-04-23T08:00:00.000Z,"377","4",16,8,0
2024-04-23T11:00:00.000Z,"388","4",16,8,0
2024-04-23T14:00:00.000Z,"401","4",16,8,0
2024-04-23T17:00:00.000Z,"414","4",16,8,0
2024-04-23T20:00:00.000Z,"414","4",16,8,0
2024-04-23T23:00:00.000Z,"419","4",16,8,0
2024-04-24T02:00:00.000Z,"423","4",16,8,0
2024-04-24T05:00:00.000Z,"434","4",16,8,0
2024-04-24T08:00:00.000Z,"460","4",16,8,0
2024-04-24T11:00:00.000Z,"472","4",16,8,0
2024-04-24T14:00:00.000Z,"474","8",16,8,0
2024-04-24T17:00:00.000Z,"465","8",16,8,0
2024-04-24T20:00:00.000Z,"443","8",16,8,0
2024-04-24T23:00:00.000Z,"440","8",16,8,0
2024-04-25T02:00:00.000Z,"442","8",16,8,0
2024-04-25T05:00:00.000Z,"452","8",16,8,0
2024-04-25T08:00:00.000Z,"463","8",16,8,0
2024-04-25T11:00:00.000Z,"468","8",16,8,0
2024-04-25T14:00:00.000Z,"456","8",16,8,0
2024-04-25T17:00:00.000Z,"447","8",16,8,0
2024-04-25T20:00:00.000Z,"442","8",16,8,0
2024-04-25T23:00:00.000Z,"437","8",16,8,0
2024-04-26T02:00:00.000Z,"462","8",16,8,0
2024-04-26T05:00:00.000Z,"487","8",16,8,0
2024-04-26T08:00:00.000Z,"507","8",16,8,0
2024-04-26T11:00:00.000Z,"518","8",16,8,0
2024-04-26T14:00:00.000Z,"525","8",16,8,0
2024-04-26T17:00:00.000Z,"529","8",16,8,0
2024-04-26T20:00:00.000Z,"524","8",16,8,0
2024-04-26T23:00:00.000Z,"526","8",16,8,0
2024-04-27T02:00:00.000Z,"542","8",16,8,0
2024-04-27T05:00:00.000Z,"545","8",16,8,0
2024-04-27T08:00:00.000Z,"536","8",16,8,0
2024-04-27T11:00:00.000Z,"532","8",16,8,0
2024-04-27T14:00:00.000Z,"549","8",16,8,0
2024-04-27T17:00:00.000Z,"554","8",16,8,0
2024-04-27T20:00:00.000Z,"540","8",16,8,0
2024-04-27T23:00:00.000Z,"531","8",16,8,0
2024-04-28T02:00:00.000Z,"556","8",16,8,0
2024-04-28T05:00:00.000Z,"577","8",16,8,0
2024-04-28T08:00:00.000Z,"572","8",16,8,0
2024-04-28T11:00:00.000Z,"533","8",16,8,0
2024-04-28T14:00:00.000Z,"485","8",16,8,0
2024-04-28T17:00:00.000Z,"455","8",16,8,0
2024-04-28T20:00:00.000Z,"445","8",16,8,0
2024-04-28T23:00:00.000Z,"450","8",16,8,0
2024-04-29T02:00:00.000Z,"471","8",16,8,0
2024-04-29T05:00:00.000Z,"529","8",16,8,0
2024-04-29T08:00:00.000Z,"584","8",16,8,0
2024-04-29T11:00:00.000Z,"607","8",16,8,0
2024-04-29T14:00:00.000Z,"619","8",16,8,0
2024-04-29T17:00:00.000Z,"608","8",16,8,0
2024-04-29T20:00:00.000Z,"581","8",16,8,0
2024-04-29T23:00:00.000Z,"582","8",16,8,0
2024-04-30T02:00:00.000Z,"592","8",16,8,0
2024-04-30T05:00:00.000Z,"619","8",16,8,0
2024-04-30T08:00:00.000Z,"699","8",16,8,0
2024-04-30T11:00:00.000Z,"832","8",16,8,0
2024-04-30T14:00:00.000Z,"934","8",16,8,0
2024-04-30T17:00:00.000Z,"936","8",16,8,0
2024-04-30T20:00:00.000Z,"954","8",16,8,0
2024-04-30T23:00:00.000Z,"1040","8",16,8,0
2024-05-01T02:00:00.000Z,"1110","8",16,8,0
2024-05-01T05:00:00.000Z,"1150","8",16,8,0
2024-05-01T08:00:00.000Z,"1160","8",16,8,0
2024-05-01T11:00:00.000Z,"1150","8",16,8,0
2024-05-01T14:00:00.000Z,"1130","8",16,8,0
2024-05-01T17:00:00.000Z,"1100","8",16,8,0
2024-05-01T20:00:00.000Z,"1090","8",16,8,0
2024-05-01T23:00:00.000Z,"1090","8",16,8,0
2024-05-02T02:00:00.000Z,"1100","8",16,8,0
2024-05-02T05:00:00.000Z,"1060","8",16,8,0
2024-05-02T08:00:00.000Z,"1000","8",16,8,0
2024-05-02T11:00:00.000Z,"996","8",16,8,0
2024-05-02T14:00:00.000Z,"1070","8",16,8,0
2024-05-02T17:00:00.000Z,"1170","8",16,8,0
2024-05-02T20:00:00.000Z,"1310","8",16,8,0
2024-05-02T23:00:00.000Z,"1520","8",16,8,0
2024-05-03T02:00:00.000Z,"1760","8",16,8,0
2024-05-03T05:00:00.000Z,"1980","8",16,8,0
2024-05-03T08:00:00.000Z,"2150","8",16,8,0
2024-05-03T11:00:00.000Z,"2220","8",16,8,0
2024-05-03T14:00:00.000Z,"2230","8",16,8,0
2024-05-03T17:00:00.000Z,"2230","8",16,8,0
2024-05-03T20:00:00.000Z,"2240","8",16,8,0
2024-05-03T23:00:00.000Z,"2240","8",16,8,0
2024-05-04T02:00:00.000Z,"2190","8",16,8,0
2024-05-04T05:00:00.000Z,"2130","8",16,8,0
2024-05-04T08:00:00.000Z,"2010","8",16,8,0
2024-05-04T11:00:00.000Z,"1840","8",16,8,0
2024-05-04T14:00:00.000Z,"1700","8",16,8,0
2024-05-04T17:00:00.000Z,"1640","8",16,8,0
2024-05-04T20:00:00.000Z,"1580","8",16,8,0
2024-05-04T23:00:00.000Z,"1520","8",16,8,0
2024-05-05T02:00:00.000Z,"1520","8",16,8,0
2024-05-05T05:00:00.000Z,"1490","8",16,8,0
2024-05-05T08:00:00.000Z,"1470","8",16,8,0
2024-05-05T11:00:00.000Z,"1460","8",16,8,0
2024-05-05T14:00:00.000Z,"1440","8",16,8,0
2024-05-05T17:00:00.000Z,"1410","8",16,8,0
2024-05-05T20:00:00.000Z,"1380","8",16,8,0
2024-05-05T23:00:00.000Z,"1380","8",16,8,0
2024-05-06T02:00:00.000Z,"1360","8",16,8,0
2024-05-06T05:00:00.000Z,"1310","8",16,8,0
2024-05-06T08:00:00.000Z,"1270","8",16,8,0
2024-05-06T11:00:00.000Z,"1230","8",16,8,0
2024-05-06T14:00:00.000Z,"1200","8",16,8,0
2024-05-06T17:00:00.000Z,"1200","8",16,8,0
2024-05-06T20:00:00.000Z,"1340","8",16,8,0
2024-05-06T23:00:00.000Z,"1640","8",16,8,0
2024-05-07T02:00:00.000Z,"1930","8",16,8,0
2024-05-07T05:00:00.000Z,"2070","8",16,8,0
2024-05-07T08:00:00.000Z,"2090","8",16,8,0
2024-05-07T11:00:00.000Z,"2080","8",16,8,0
2024-05-07T14:00:00.000Z,"2070","8",16,8,0
2024-05-07T17:00:00.000Z,"2050","8",16,8,0
2024-05-07T20:00:00.000Z,"2060","8",16,8,0
2024-05-07T23:00:00.000Z,"2070","8",16,8,0
2024-05-08T02:00:00.000Z,"2070","8",16,8,0
2024-05-08T05:00:00.000Z,"2020","8",16,8,0
2024-05-08T08:00:00.000Z,"1950","8",16,8,0
2024-05-08T11:00:00.000Z,"1950","8",16,8,0
2024-05-08T14:00:00.000Z,"1990","8",16,8,0
2024-05-08T17:00:00.000Z,"2020","8",16,8,0
2024-05-08T20:00:00.000Z,"2010","8",16,8,0
2024-05-08T23:00:00.000Z,"1970","8",16,8,0
2024-05-09T02:00:00.000Z,"1900","8",16,8,0
2024-05-09T05:00:00.000Z,"1840","8",16,8,0
2024-05-09T08:00:00.000Z,"1800","8",16,8,0
2024-05-09T11:00:00.000Z,"1800","8",16,8,0
2024-05-09T14:00:00.000Z,"1770","8",16,8,0
2024-05-09T17:00:00.000Z,"1720","8",16,8,0
2024-05-09T20:00:00.000Z,"1680","8",16,8,0
2024-05-09T23:00:00.000Z,"1640","8",16,8,0
2024-05-10T02:00:00.000Z,"1610","8",16,8,0
2024-05-10T05:00:00.000Z,"1560","8",16,8,0
2024-05-10T08:00:00.000Z,"1500","8",16,8,0
2024-05-10T11:00:00.000Z,"1460","8",16,8,0
2024-05-10T14:00:00.000Z,"1440","8",16,8,0
2024-05-10T17:00:00.000Z,"1420","8",16,8,0
2024-05-10T20:00:00.000Z,"1410","8",16,8,0
2024-05-10T23:00:00.000Z,"1380","8",16,8,0
2024-05-11T02:00:00.000Z,"1350","8",16,8,0
2024-05-11T05:00:00.000Z,"1310","8",16,8,0
2024-05-11T08:00:00.000Z,"1260","8",16,8,0
2024-05-11T11:00:00.000Z,"1230","8",16,8,0
2024-05-11T14:00:00.000Z,"1200","8",16,8,0
2024-05-11T17:00:00.000Z,"1180","8",16,8,0
2024-05-11T20:00:00.000Z,"1180","8",16,8,0
2024-05-11T23:00:00.000Z,"1150","8",16,8,0
2024-05-12T02:00:00.000Z,"1110","8",16,8,0
2024-05-12T05:00:00.000Z,"1060","8",16,8,0
2024-05-12T08:00:00.000Z,"1000","8",16,8,0
2024-05-12T11:00:00.000Z,"947","8",16,8,0
2024-05-12T14:00:00.000Z,"902","8",16,8,0
2024-05-12T17:00:00.000Z,"884","8",16,8,0
2024-05-12T20:00:00.000Z,"881","8",16,8,0
2024-05-12T23:00:00.000Z,"878","8",16,8,0
2024-05-13T02:00:00.000Z,"907","8",16,8,0
2024-05-13T05:00:00.000Z,"913","8",16,8,0
2024-05-13T08:00:00.000Z,"881","8",16,8,0
2024-05-13T11:00:00.000Z,"852","8",16,8,0
2024-05-13T14:00:00.000Z,"826","8",16,8,0
2024-05-13T17:00:00.000Z,"804","8",16,8,0
2024-05-13T20:00:00.000Z,"774","8",16,8,0
2024-05-13T23:00:00.000Z,"753","8",16,8,0
2024-05-14T02:00:00.000Z,"782","8",16,8,0
2024-05-14T05:00:00.000Z,"802","8",16,8,0
2024-05-14T08:00:00.000Z,"795","4",16,8,0
2024-05-14T11:00:00.000Z,"811","4",16,8,0
2024-05-14T14:00:00.000Z,"828","4",16,8,0
2024-05-14T17:00:00.000Z,"801","4",16,8,0
2024-05-14T20:00:00.000Z,"771","4",16,8,0
2024-05-14T23:00:00.000Z,"820","4",16,8,0
2024-05-15T02:00:00.000Z,"904","4",16,8,0
2024-05-15T05:00:00.000Z,"933","4",16,8,0
2024-05-15T08:00:00.000Z,"922","4",16,8,0
2024-05-15T11:00:00.000Z,"918","4",16,8,0
2024-05-15T14:00:00.000Z,"922","4",16,8,0
2024-05-15T17:00:00.000Z,"941","4",16,8,0
2024-05-15T20:00:00.000Z,"960","4",16,8,0
2024-05-15T23:00:00.000Z,"1010","4",16,8,0
2024-05-16T02:00:00.000Z,"1140","4",16,8,0
2024-05-16T05:00:00.000Z,"1230","4",16,8,0
2024-05-16T08:00:00.000Z,"1250","4",16,8,0
2024-05-16T11:00:00.000Z,"1250","4",16,8,0
2024-05-16T14:00:00.000Z,"1240","4",16,8,0
2024-05-16T17:00:00.000Z,"1190","4",16,8,0
2024-05-16T20:00:00.000Z,"1170","4",16,8,0
2024-05-16T23:00:00.000Z,"1200","4",16,8,0
2024-05-17T02:00:00.000Z,"1240","4",16,8,0
2024-05-17T05:00:00.000Z,"1250","4",16,8,0
2024-05-17T08:00:00.000Z,"1230","4",16,8,0
2024-05-17T11:00:00.000Z,"1190","4",16,8,0
2024-05-17T14:00:00.000Z,"1140","4",16,8,0
2024-05-17T17:00:00.000Z,"1080","4",16,8,0
2024-05-17T20:00:00.000Z,"1050","4",16,8,0
2024-05-17T23:00:00.000Z,"1040","4",16,8,0
2024-05-18T02:00:00.000Z,"1070","4",16,8,0
2024-05-18T05:00:00.000Z,"1100","4",16,8,0
2024-05-18T08:00:00.000Z,"1090","4",16,8,0
2024-05-18T11:00:00.000Z,"1070","4",16,8,0
2024-05-18T14:00:00.000Z,"1050","4",16,8,0
2024-05-18T17:00:00.000Z,"1030","4",16,8,0
2024-05-18T20:00:00.000Z,"1010","4",16,8,0
2024-05-18T23:00:00.000Z,"1010","4",16,8,0
2024-05-19T02:00:00.000Z,"1010","4",16,8,0
2024-05-19T05:00:00.000Z,"1000","4",16,8,0
2024-05-19T08:00:00.000Z,"987","4",16,8,0
2024-05-19T11:00:00.000Z,"980","4",16,8,0
2024-05-19T14:00:00.000Z,"979","4",16,8,0
2024-05-19T17:00:00.000Z,"964","4",16,8,0
2024-05-19T20:00:00.000Z,"951","4",16,8,0
2024-05-19T23:00:00.000Z,"953","4",16,8,0
2024-05-20T02:00:00.000Z,"974","4",16,8,0
2024-05-20T05:00:00.000Z,"1010","4",16,8,0
2024-05-20T08:00:00.000Z,"1020","4",16,8,0
2024-05-20T11:00:00.000Z,"1010","4",16,8,0
2024-05-20T14:00:00.000Z,"971","4",16,8,0
2024-05-20T17:00:00.000Z,"942","4",16,8,0
2024-05-20T20:00:00.000Z,"916","4",16,8,0
2024-05-20T23:00:00.000Z,"904","4",16,8,0
2024-05-21T02:00:00.000Z,"912","4",16,8,0
2024-05-21T05:00:00.000Z,"934","4",16,8,0
2024-05-21T08:00:00.000Z,"958","4",16,8,0
2024-05-21T11:00:00.000Z,"963","4",16,8,0
2024-05-21T14:00:00.000Z,"949","4",16,8,0
2024-05-21T17:00:00.000Z,"893","4",16,8,0
2024-05-21T20:00:00.000Z,"841","4",16,8,0
2024-05-21T23:00:00.000Z,"852","4",16,8,0
2024-05-22T02:00:00.000Z,"884","4",16,8,0
2024-05-22T05:00:00.000Z,"900","4",16,8,0
2024-05-22T08:00:00.000Z,"927","4",16,8,0
2024-05-22T11:00:00.000Z,"963","4",16,8,0
2024-05-22T14:00:00.000Z,"969","4",16,8,0
2024-05-22T17:00:00.000Z,"950","4",16,8,0
2024-05-22T20:00:00.000Z,"906","4",16,8,0
2024-05-22T23:00:00.000Z,"901","4",16,8,0
2024-05-23T02:00:00.000Z,"949","4",16,8,0
2024-05-23T05:00:00.000Z,"1000","4",16,8,0
2024-05-23T08:00:00.000Z,"1030","4",16,8,0
2024-05-23T11:00:00.000Z,"1020","4",16,8,0
2024-05-23T14:00:00.000Z,"997","4",16,8,0
2024-05-23T17:00:00.000Z,"958","4",16,8,0
2024-05-23T20:00:00.000Z,"926","4",16,8,0
2024-05-23T23:00:00.000Z,"916","4",16,8,0
2024-05-24T02:00:00.000Z,"916","4",16,8,0
2024-05-24T05:00:00.000Z,"927","4",16,8,0
2024-05-24T08:00:00.000Z,"947","4",16,8,0
2024-05-24T11:00:00.000Z,"953","4",16,8,0
2024-05-24T14:00:00.000Z,"936","4",16,8,0
2024-05-24T17:00:00.000Z,"900","4",16,8,0
2024-05-24T20:00:00.000Z,"884","4",16,8,0
2024-05-24T23:00:00.000Z,"906","4",16,8,0
2024-05-25T02:00:00.000Z,"930","4",16,8,0
2024-05-25T05:00:00.000Z,"929","4",16,8,0
2024-05-25T08:00:00.000Z,"925","4",16,8,0
2024-05-25T11:00:00.000Z,"911","4",16,8,0
2024-05-25T14:00:00.000Z,"913","4",16,8,0
2024-05-25T17:00:00.000Z,"901","4",16,8,0
2024-05-25T20:00:00.000Z,"867","4",16,8,0
2024-05-25T23:00:00.000Z,"851","4",16,8,0
2024-05-26T02:00:00.000Z,"878","4",16,8,0
2024-05-26T05:00:00.000Z,"900","4",16,8,0
2024-05-26T08:00:00.000Z,"910","4",16,8,0
2024-05-26T11:00:00.000Z,"886","4",16,8,0
2024-05-26T14:00:00.000Z,"815","4",16,8,0
2024-05-26T17:00:00.000Z,"736","4",16,8,0
2024-05-26T20:00:00.000Z,"687","4",16,8,0
2024-05-26T23:00:00.000Z,"668","4",16,8,0
2024-05-27T02:00:00.000Z,"665","4",16,8,0
2024-05-27T05:00:00.000Z,"676","4",16,8,0
2024-05-27T08:00:00.000Z,"669","4",16,8,0
2024-05-27T11:00:00.000Z,"656","4",16,8,0
2024-05-27T14:00:00.000Z,"638","4",16,8,0
2024-05-27T17:00:00.000Z,"621","4",16,8,0
2024-05-27T20:00:00.000Z,"597","4",16,8,0
2024-05-27T23:00:00.000Z,"592","4",16,8,0
2024-05-28T02:00:00.000Z,"583","4",16,8,0
2024-05-28T05:00:00.000Z,"570","4",16,8,0
2024-05-28T08:00:00.000Z,"574","4",16,8,0
2024-05-28T11:00:00.000Z,"590","4",16,8,0
2024-05-28T14:00:00.000Z,"597","4",16,8,0
2024-05-28T17:00:00.000Z,"595","4",16,8,0
2024-05-28T20:00:00.000Z,"581","4",16,8,0
2024-05-28T23:00:00.000Z,"560","4",16,8,0
2024-05-29T02:00:00.000Z,"542","4",16,8,0
2024-05-29T05:00:00.000Z,"546","4",16,8,0
2024-05-29T08:00:00.000Z,"586","4",16,8,0
2024-05-29T11:00:00.000Z,"634","4",16,8,0
2024-05-29T14:00:00.000Z,"663","4",16,8,0
2024-05-29T17:00:00.000Z,"669","4",16,8,0
2024-05-29T20:00:00.000Z,"657","4",16,8,0
2024-05-29T23:00:00.000Z,"637","4",16,8,0
2024-05-30T02:00:00.000Z,"615","4",16,8,0
2024-05-30T05:00:00.000Z,"604","4",16,8,0
2024-05-30T08:00:00.000Z,"589","4",16,8,0
2024-05-30T11:00:00.000Z,"576","4",16,8,0
2024-05-30T14:00:00.000Z,"584","4",16,8,0
2024-05-30T17:00:00.000Z,"595","4",16,8,0
2024-05-30T20:00:00.000Z,"593","4",16,8,0
2024-05-30T23:00:00.000Z,"589","4",16,8,0
2024-05-31T02:00:00.000Z,"586","4",16,8,0
2024-05-31T05:00:00.000Z,"594","4",16,8,0
2024-05-31T08:00:00.000Z,"601","4",16,8,0
2024-05-31T11:00:00.000Z,"604","4",16,8,0
2024-05-31T14:00:00.000Z,"621","4",16,8,0
2024-05-31T17:00:00.000Z,"624","4",16,8,0
2024-05-31T20:00:00.000Z,"606","4",16,8,0
2024-05-31T23:00:00.000Z,"584","4",16,8,0
2024-06-01T02:00:00.000Z,"558","4",16,8,0
2024-06-01T05:00:00.000Z,"548","4",16,8,0
2024-06-01T08:00:00.000Z,"562","4",16,8,0
2024-06-01T11:00:00.000Z,"575","4",16,8,0
2024-06-01T14:00:00.000Z,"578","4",16,8,0
2024-06-01T17:00:00.000Z,"591","4",16,8,0
2024-06-01T20:00:00.000Z,"583","4",16,8,0
2024-06-01T23:00:00.000Z,"556","4",16,8,0
2024-06-02T02:00:00.000Z,"554","4",16,8,0
2024-06-02T05:00:00.000Z,"567","4",16,8,0
2024-06-02T08:00:00.000Z,"565","4",16,8,0
2024-06-02T11:00:00.000Z,"549","4",16,8,0
2024-06-02T14:00:00.000Z,"516","4",16,8,0
2024-06-02T17:00:00.000Z,"498","4",16,8,0
2024-06-02T20:00:00.000Z,"485","4",16,8,0
2024-06-02T23:00:00.000Z,"476","4",16,8,0
2024-06-03T02:00:00.000Z,"466","4",16,8,0
2024-06-03T05:00:00.000Z,"464","4",16,8,0
2024-06-03T08:00:00.000Z,"463","4",16,8,0
2024-06-03T11:00:00.000Z,"460","4",16,8,0
2024-06-03T14:00:00.000Z,"459","4",16,8,0
2024-06-03T17:00:00.000Z,"469","4",16,8,0
2024-06-03T20:00:00.000Z,"465","4",16,8,0
2024-06-03T23:00:00.000Z,"449","4",16,8,0
2024-06-04T02:00:00.000Z,"439","4",16,8,0
2024-06-04T05:00:00.000Z,"439","4",16,8,0
2024-06-04T08:00:00.000Z,"457","4",16,8,0
2024-06-04T11:00:00.000Z,"486","4",16,8,0
2024-06-04T14:00:00.000Z,"501","4",16,8,0
2024-06-04T17:00:00.000Z,"496","4",16,8,0
2024-06-04T20:00:00.000Z,"486","4",16,8,0
2024-06-04T23:00:00.000Z,"473","4",16,8,0
2024-06-05T02:00:00.000Z,"459","4",16,8,0
2024-06-05T05:00:00.000Z,"473","4",16,8,0
2024-06-05T08:00:00.000Z,"502","4",16,8,0
2024-06-05T11:00:00.000Z,"515","4",16,8,0
2024-06-05T14:00:00.000Z,"518","4",16,8,0
2024-06-05T17:00:00.000Z,"514","4",16,8,0
2024-06-05T20:00:00.000Z,"513","4",16,8,0
2024-06-05T23:00:00.000Z,"519","4",16,8,0
2024-06-06T02:00:00.000Z,"505","4",16,8,0
2024-06-06T05:00:00.000Z,"496","4",16,8,0
2024-06-06T08:00:00.000Z,"489","4",16,8,0
2024-06-06T11:00:00.000Z,"482","4",16,8,0
2024-06-06T14:00:00.000Z,"479","4",16,8,0
2024-06-06T17:00:00.000Z,"483","4",16,8,0
2024-06-06T20:00:00.000Z,"480","4",16,8,0
2024-06-06T23:00:00.000Z,"468","4",16,8,0
2024-06-07T02:00:00.000Z,"450","4",16,8,0
2024-06-07T05:00:00.000Z,"444","4",16,8,0
2024-06-07T08:00:00.000Z,"458","4",16,8,0
2024-06-07T11:00:00.000Z,"464","4",16,8,0
2024-06-07T14:00:00.000Z,"463","4",16,8,0
2024-06-07T17:00:00.000Z,"469","4",16,8,0
2024-06-07T20:00:00.000Z,"458","4",16,8,0
2024-06-07T23:00:00.000Z,"445","4",16,8,0
2024-06-08T02:00:00.000Z,"441","4",16,8,0
2024-06-08T05:00:00.000Z,"457","4",16,8,0
2024-06-08T08:00:00.000Z,"477","4",16,8,0
2024-06-08T11:00:00.000Z,"492","4",16,8,0
2024-06-08T14:00:00.000Z,"500","4",16,8,0
2024-06-08T17:00:00.000Z,"491","4",16,8,0
2024-06-08T20:00:00.000Z,"473","4",16,8,0
2024-06-08T23:00:00.000Z,"463","4",16,8,0
2024-06-09T02:00:00.000Z,"466","4",16,8,0
2024-06-09T05:00:00.000Z,"483","4",16,8,0
2024-06-09T08:00:00.000Z,"509","4",16,8,0
2024-06-09T11:00:00.000Z,"547","4",16,8,0
2024-06-09T14:00:00.000Z,"554","4",16,8,0
2024-06-09T17:00:00.000Z,"546","4",16,8,0
2024-06-09T20:00:00.000Z,"534","4",16,8,0
2024-06-09T23:00:00.000Z,"555","4",16,8,0
2024-06-10T02:00:00.000Z,"570","4",16,8,0
2024-06-10T05:00:00.000Z,"584","4",16,8,0
2024-06-10T08:00:00.000Z,"596","4",16,8,0
2024-06-10T11:00:00.000Z,"582","4",16,8,0
2024-06-10T14:00:00.000Z,"560","4",16,8,0
2024-06-10T17:00:00.000Z,"533","4",16,8,0
2024-06-10T20:00:00.000Z,"501","4",16,8,0
2024-06-10T23:00:00.000Z,"485","4",16,8,0
2024-06-11T02:00:00.000Z,"521","4",16,8,0
2024-06-11T05:00:00.000Z,"535","4",16,8,0
2024-06-11T08:00:00.000Z,"538","4",16,8,0
2024-06-11T11:00:00.000Z,"546","4",16,8,0
2024-06-11T14:00:00.000Z,"542","4",16,8,0
2024-06-11T17:00:00.000Z,"524","4",16,8,0
2024-06-11T20:00:00.000Z,"508","4",16,8,0
2024-06-11T23:00:00.000Z,"489","4",16,8,0
2024-06-12T02:00:00.000Z,"470","4",16,8,0
2024-06-12T05:00:00.000Z,"474","4",16,8,0
2024-06-12T08:00:00.000Z,"493","4",16,8,0
2024-06-12T11:00:00.000Z,"501","8",16,8,0
2024-06-12T14:00:00.000Z,"502","8",16,8,0
2024-06-12T17:00:00.000Z,"503","8",16,8,0
2024-06-12T20:00:00.000Z,"496","8",16,8,0
2024-06-12T23:00:00.000Z,"490","8",16,8,0
2024-06-13T02:00:00.000Z,"494","8",16,8,0
2024-06-13T05:00:00.000Z,"492","8",16,8,0
2024-06-13T08:00:00.000Z,"467","8",16,8,0
2024-06-13T11:00:00.000Z,"455","8",16,8,0
2024-06-13T14:00:00.000Z,"456","8",16,8,0
2024-06-13T17:00:00.000Z,"448","8",16,8,0
2024-06-13T20:00:00.000Z,"416","8",16,8,0
2024-06-13T23:00:00.000Z,"389","8",16,8,0
2024-06-14T02:00:00.000Z,"382","8",16,8,0
2024-06-14T05:00:00.000Z,"410","8",16,8,0
2024-06-14T08:00:00.000Z,"425","8",16,8,0
2024-06-14T11:00:00.000Z,"423","8",16,8,0
2024-06-14T14:00:00.000Z,"434","8",16,8,0
2024-06-14T17:00:00.000Z,"426","8",16,8,0
2024-06-14T20:00:00.000Z,"407","8",16,8,0
2024-06-14T23:00:00.000Z,"393","8",16,8,0
2024-06-15T02:00:00.000Z,"385","8",16,8,0
2024-06-15T05:00:00.000Z,"393","8",16,8,0
2024-06-15T08:00:00.000Z,"411","8",16,8,0
2024-06-15T11:00:00.000Z,"411","8",16,8,0
2024-06-15T14:00:00.000Z,"400","8",16,8,0
2024-06-15T17:00:00.000Z,"378","8",16,8,0
2024-06-15T20:00:00.000Z,"370","8",16,8,0
2024-06-15T23:00:00.000Z,"367","8",16,8,0
2024-06-16T02:00:00.000Z,"356","8",16,8,0
2024-06-16T05:00:00.000Z,"367","8",16,8,0
2024-06-16T08:00:00.000Z,"380","8",16,8,0
2024-06-16T11:00:00.000Z,"376","8",16,8,0
2024-06-16T14:00:00.000Z,"357","8",16,8,0
2024-06-16T17:00:00.000Z,"351","8",16,8,0
2024-06-16T20:00:00.000Z,"351","8",16,8,0
2024-06-16T23:00:00.000Z,"359","8",16,8,0
2024-06-17T02:00:00.000Z,"348","8",16,8,0
2024-06-17T05:00:00.000Z,"359","8",16,8,0
2024-06-17T08:00:00.000Z,"359","8",16,8,0
2024-06-17T11:00:00.000Z,"348","8",16,8,0
2024-06-17T14:00:00.000Z,"333","8",16,8,0
2024-06-17T17:00:00.000Z,"341","8",16,8,0
2024-06-17T20:00:00.000Z,"347","8",16,8,0
2024-06-17T23:00:00.000Z,"326","8",16,8,0
2024-06-18T02:00:00.000Z,"317","8",16,8,0
2024-06-18T05:00:00.000Z,"317","8",16,8,0
2024-06-18T08:00:00.000Z,"322","8",16,8,0
2024-06-18T11:00:00.000Z,"322","8",16,8,0
2024-06-18T14:00:00.000Z,"309","8",16,8,0
2024-06-18T17:00:00.000Z,"299","8",16,8,0
2024-06-18T20:00:00.000Z,"314","8",16,8,0
2024-06-18T23:00:00.000Z,"314","8",16,8,0
2024-06-19T02:00:00.000Z,"291","8",16,8,0
2024-06-19T05:00:00.000Z,"299","8",16,8,0
2024-06-19T08:00:00.000Z,"307","8",16,8,0
2024-06-19T11:00:00.000Z,"323","8",16,8,0
2024-06-19T14:00:00.000Z,"348","8",16,8,0
2024-06-19T17:00:00.000Z,"364","8",16,8,0
2024-06-19T20:00:00.000Z,"356","8",16,8,0
2024-06-19T23:00:00.000Z,"327","8",16,8,0
2024-06-20T02:00:00.000Z,"311","8",16,8,0
2024-06-20T05:00:00.000Z,"316","8",16,8,0
2024-06-20T08:00:00.000Z,"328","8",16,8,0
2024-06-20T11:00:00.000Z,"335","8",16,8,0
2024-06-20T14:00:00.000Z,"346","8",16,8,0
2024-06-20T17:00:00.000Z,"365","8",16,8,0
2024-06-20T20:00:00.000Z,"378","8",16,8,0
2024-06-20T23:00:00.000Z,"414","8",16,8,0
2024-06-21T02:00:00.000Z,"482","8",16,8,0
2024-06-21T05:00:00.000Z,"513","8",16,8,0
2024-06-21T08:00:00.000Z,"530","8",16,8,0
2024-06-21T11:00:00.000Z,"564","8",16,8,0
2024-06-21T14:00:00.000Z,"628","8",16,8,0
2024-06-21T17:00:00.000Z,"697","8",16,8,0
2024-06-21T20:00:00.000Z,"719","8",16,8,0
2024-06-21T23:00:00.000Z,"710","8",16,8,0
2024-06-22T02:00:00.000Z,"720","8",16,8,0
2024-06-22T05:00:00.000Z,"810","8",16,8,0
2024-06-22T08:00:00.000Z,"878","8",16,8,0
2024-06-22T11:00:00.000Z,"857","8",16,8,0
2024-06-22T14:00:00.000Z,"785","8",16,8,0
2024-06-22T17:00:00.000Z,"716","8",16,8,0
2024-06-22T20:00:00.000Z,"698","8",16,8,0
2024-06-22T23:00:00.000Z,"684","8",16,8,0
2024-06-23T02:00:00.000Z,"660","8",16,8,0
2024-06-23T05:00:00.000Z,"639","8",16,8,0
2024-06-23T08:00:00.000Z,"623","8",16,8,0
2024-06-23T11:00:00.000Z,"599","8",16,8,0
2024-06-23T14:00:00.000Z,"575","8",16,8,0
2024-06-23T17:00:00.000Z,"555","8",16,8,0
2024-06-23T20:00:00.000Z,"537","8",16,8,0
2024-06-23T23:00:00.000Z,"528","8",16,8,0
2024-06-24T02:00:00.000Z,"523","8",16,8,0
2024-06-24T05:00:00.000Z,"520","8",16,8,0
2024-06-24T08:00:00.000Z,"543","8",16,8,0
2024-06-24T11:00:00.000Z,"548","8",16,8,0
2024-06-24T14:00:00.000Z,"527","8",16,8,0
2024-06-24T17:00:00.000Z,"510","8",16,8,0
2024-06-24T20:00:00.000Z,"492","8",16,8,0
2024-06-24T23:00:00.000Z,"473","8",16,8,0
2024-06-25T02:00:00.000Z,"456","8",16,8,0
2024-06-25T05:00:00.000Z,"453","8",16,8,0
2024-06-25T08:00:00.000Z,"446","8",16,8,0
2024-06-25T11:00:00.000Z,"439","8",16,8,0
2024-06-25T14:00:00.000Z,"442","8",16,8,0
2024-06-25T17:00:00.000Z,"439","8",16,8,0
2024-06-25T20:00:00.000Z,"413","8",16,8,0
2024-06-25T23:00:00.000Z,"406","8",16,8,0
2024-06-26T02:00:00.000Z,"405","8",16,8,0
2024-06-26T05:00:00.000Z,"402","8",16,8,0
2024-06-26T08:00:00.000Z,"419","8",16,8,0
2024-06-26T11:00:00.000Z,"421","8",16,8,0
2024-06-26T14:00:00.000Z,"405","8",16,8,0
2024-06-26T17:00:00.000Z,"388","8",16,8,0
2024-06-26T20:00:00.000Z,"382","8",16,8,0
2024-06-26T23:00:00.000Z,"370","8",16,8,0
2024-06-27T02:00:00.000Z,"353","8",16,8,0
2024-06-27T05:00:00.000Z,"360","8",16,8,0
2024-06-27T08:00:00.000Z,"368","8",16,8,0
2024-06-27T11:00:00.000Z,"378","8",16,8,0
2024-06-27T14:00:00.000Z,"376","8",16,8,0
2024-06-27T17:00:00.000Z,"366","8",16,8,0
2024-06-27T20:00:00.000Z,"353","8",16,8,0
2024-06-27T23:00:00.000Z,"338","8",16,8,0
2024-06-28T02:00:00.000Z,"335","8",16,8,0
2024-06-28T05:00:00.000Z,"334","8",16,8,0
2024-06-28T08:00:00.000Z,"335","8",16,8,0
2024-06-28T11:00:00.000Z,"336","8",16,8,0
2024-06-28T14:00:00.000Z,"329","8",16,8,0
2024-06-28T17:00:00.000Z,"315","8",16,8,0
2024-06-28T20:00:00.000Z,"331","8",16,8,0
2024-06-28T23:00:00.000Z,"343","8",16,8,0
2024-06-29T02:00:00.000Z,"344","8",16,8,0
2024-06-29T05:00:00.000Z,"334","8",16,8,0
2024-06-29T08:00:00.000Z,"323","8",16,8,0
2024-06-29T11:00:00.000Z,"319","8",16,8,0
2024-06-29T14:00:00.000Z,"292","8",16,8,0
2024-06-29T17:00:00.000Z,"272","8",16,8,0
2024-06-29T20:00:00.000Z,"284","8",16,8,0
2024-06-29T23:00:00.000Z,"296","8",16,8,0
2024-06-30T02:00:00.000Z,"291","8",16,8,0
2024-06-30T05:00:00.000Z,"318","8",16,8,0
2024-06-30T08:00:00.000Z,"329","8",16,8,0
2024-06-30T11:00:00.000Z,"334","8",16,8,0
2024-06-30T14:00:00.000Z,"370","8",16,8,0
2024-06-30T17:00:00.000Z,"400","8",16,8,0
2024-06-30T20:00:00.000Z,"425","8",16,8,0
2024-06-30T23:00:00.000Z,"446","8",16,8,0
2024-07-01T02:00:00.000Z,"472","8",16,8,0
2024-07-01T05:00:00.000Z,"488","8",16,8,0
2024-07-01T08:00:00.000Z,"490","8",16,8,0
2024-07-01T11:00:00.000Z,"489","8",16,8,0
2024-07-01T14:00:00.000Z,"487","8",16,8,0
2024-07-01T17:00:00.000Z,"466","8",16,8,0
2024-07-01T20:00:00.000Z,"427","8",16,8,0
2024-07-01T23:00:00.000Z,"392","8",16,8,0
2024-07-02T02:00:00.000Z,"388","8",16,8,0
2024-07-02T05:00:00.000Z,"414","8",16,8,0
2024-07-02T08:00:00.000Z,"421","8",16,8,0
2024-07-02T11:00:00.000Z,"407","8",16,8,0
2024-07-02T14:00:00.000Z,"388","8",16,8,0
2024-07-02T17:00:00.000Z,"362","8",16,8,0
2024-07-02T20:00:00.000Z,"322","8",16,8,0
2024-07-02T23:00:00.000Z,"301","8",16,8,0
2024-07-03T02:00:00.000Z,"324","8",16,8,0
2024-07-03T05:00:00.000Z,"345","8",16,8,0
2024-07-03T08:00:00.000Z,"379","8",16,8,0
2024-07-03T11:00:00.000Z,"398","8",16,8,0
2024-07-03T14:00:00.000Z,"384","8",16,8,0
2024-07-03T17:00:00.000Z,"357","8",16,8,0
2024-07-03T20:00:00.000Z,"315","8",16,8,0
2024-07-03T23:00:00.000Z,"302","8",16,8,0
2024-07-04T02:00:00.000Z,"330","8",16,8,0
2024-07-04T05:00:00.000Z,"349","8",16,8,0
2024-07-04T08:00:00.000Z,"345","8",16,8,0
2024-07-04T11:00:00.000Z,"336","8",16,8,0
2024-07-04T14:00:00.000Z,"335","8",16,8,0
2024-07-04T17:00:00.000Z,"324","8",16,8,0
2024-07-04T20:00:00.000Z,"314","8",16,8,0
2024-07-04T23:00:00.000Z,"315","8",16,8,0
2024-07-05T02:00:00.000Z,"319","8",16,8,0
2024-07-05T05:00:00.000Z,"317","8",16,8,0
2024-07-05T08:00:00.000Z,"306","8",16,8,0
2024-07-05T11:00:00.000Z,"282","8",16,8,0
2024-07-05T14:00:00.000Z,"265","8",16,8,0
2024-07-05T17:00:00.000Z,"279","8",16,8,0
2024-07-05T20:00:00.000Z,"268","8",16,8,0
2024-07-05T23:00:00.000Z,"265","8",16,8,0
2024-07-06T02:00:00.000Z,"272","8",16,8,0
2024-07-06T05:00:00.000Z,"258","8",16,8,0
2024-07-06T08:00:00.000Z,"245","8",16,8,0
2024-07-06T11:00:00.000Z,"243","8",16,8,0
2024-07-06T14:00:00.000Z,"241","8",16,8,0
2024-07-06T17:00:00.000Z,"225","8",16,8,0
2024-07-06T20:00:00.000Z,"222","8",16,8,0
2024-07-06T23:00:00.000Z,"231","8",16,8,0
2024-07-07T02:00:00.000Z,"249","8",16,8,0
2024-07-07T05:00:00.000Z,"260","8",16,8,0
2024-07-07T08:00:00.000Z,"253","8",16,8,0
2024-07-07T11:00:00.000Z,"263","8",16,8,0
2024-07-07T14:00:00.000Z,"298","8",16,8,0
2024-07-07T17:00:00.000Z,"310","8",16,8,0
2024-07-07T20:00:00.000Z,"311","8",16,8,0
2024-07-07T23:00:00.000Z,"326","8",16,8,0
2024-07-08T02:00:00.000Z,"331","8",16,8,0
2024-07-08T05:00:00.000Z,"324","8",16,8,0
2024-07-08T08:00:00.000Z,"314","8",16,8,0
2024-07-08T11:00:00.000Z,"301","8",16,8,0
2024-07-08T14:00:00.000Z,"295","8",16,8,0
2024-07-08T17:00:00.000Z,"310","8",16,8,0
2024-07-08T20:00:00.000Z,"325","8",16,8,0
2024-07-08T23:00:00.000Z,"336","8",16,8,0
2024-07-09T02:00:00.000Z,"335","8",16,8,0
2024-07-09T05:00:00.000Z,"325","8",16,8,0
2024-07-09T08:00:00.000Z,"315","8",16,8,0
2024-07-09T11:00:00.000Z,"311","8",16,8,0
2024-07-09T14:00:00.000Z,"313","8",16,8,0
2024-07-09T17:00:00.000Z,"311","8",16,8,0
2024-07-09T20:00:00.000Z,"296","8",16,8,0
2024-07-09T23:00:00.000Z,"298","8",16,8,0
2024-07-10T02:00:00.000Z,"302","8",16,8,0
2024-07-10T05:00:00.000Z,"293","8",16,8,0
2024-07-10T08:00:00.000Z,"289","8",16,8,0
2024-07-10T11:00:00.000Z,"289","8",16,8,0
2024-07-10T14:00:00.000Z,"298","8",16,8,0
2024-07-10T17:00:00.000Z,"299","8",16,8,0
2024-07-10T20:00:00.000Z,"285","8",16,8,0
2024-07-10T23:00:00.000Z,"284","8",16,8,0
2024-07-11T02:00:00.000Z,"284","8",16,8,0
2024-07-11T05:00:00.000Z,"274","8",16,8,0
2024-07-11T08:00:00.000Z,"274","8",16,8,0
2024-07-11T11:00:00.000Z,"284","8",16,8,0
2024-07-11T14:00:00.000Z,"277","8",16,8,0
2024-07-11T17:00:00.000Z,"265","8",16,8,0
2024-07-11T20:00:00.000Z,"252","8",16,8,0
2024-07-11T23:00:00.000Z,"266","8",16,8,0
2024-07-12T02:00:00.000Z,"272","8",16,8,0
2024-07-12T05:00:00.000Z,"268","8",16,8,0
2024-07-12T08:00:00.000Z,"258","8",16,8,0
2024-07-12T11:00:00.000Z,"242","8",16,8,0
2024-07-12T14:00:00.000Z,"231","8",16,8,0
2024-07-12T17:00:00.000Z,"233","8",16,8,0
2024-07-12T20:00:00.000Z,"235","8",16,8,0
2024-07-12T23:00:00.000Z,"241","8",16,8,0
2024-07-13T02:00:00.000Z,"247","8",16,8,0
2024-07-13T05:00:00.000Z,"270","8",16,8,0
2024-07-13T08:00:00.000Z,"324","8",16,8,0
2024-07-13T11:00:00.000Z,"371","8",16,8,0
2024-07-13T14:00:00.000Z,"383","8",16,8,0
2024-07-13T17:00:00.000Z,"371","8",16,8,0
2024-07-13T20:00:00.000Z,"352","8",16,8,0
2024-07-13T23:00:00.000Z,"346","8",16,8,0
2024-07-14T02:00:00.000Z,"343","8",16,8,0
2024-07-14T05:00:00.000Z,"334","8",16,8,0
2024-07-14T08:00:00.000Z,"337","8",16,8,0
2024-07-14T11:00:00.000Z,"346","8",16,8,0
2024-07-14T14:00:00.000Z,"337","8",16,8,0
2024-07-14T17:00:00.000Z,"321","8",16,8,0
2024-07-14T20:00:00.000Z,"308","8",16,8,0
2024-07-14T23:00:00.000Z,"305","8",16,8,0
2024-07-15T02:00:00.000Z,"304","8",16,8,0
2024-07-15T05:00:00.000Z,"302","8",16,8,0
2024-07-15T08:00:00.000Z,"298","8",16,8,0
2024-07-15T11:00:00.000Z,"303","8",16,8,0
2024-07-15T14:00:00.000Z,"293","8",16,8,0
2024-07-15T17:00:00.000Z,"275","8",16,8,0
2024-07-15T20:00:00.000Z,"249","8",16,8,0
2024-07-15T23:00:00.000Z,"239","8",16,8,0
2024-07-16T02:00:00.000Z,"231","8",16,8,0
2024-07-16T05:00:00.000Z,"240","8",16,8,0
2024-07-16T08:00:00.000Z,"263","8",16,8,0
2024-07-16T11:00:00.000Z,"260","8",16,8,0
2024-07-16T14:00:00.000Z,"245","8",16,8,0
2024-07-16T17:00:00.000Z,"228","8",16,8,0
2024-07-16T20:00:00.000Z,"218","8",16,8,0
2024-07-16T23:00:00.000Z,"208","8",16,8,0
2024-07-17T02:00:00.000Z,"215","8",16,8,0
2024-07-17T05:00:00.000Z,"222","8",16,8,0
2024-07-17T08:00:00.000Z,"229","8",16,8,0
2024-07-17T11:00:00.000Z,"238","8",16,8,0
2024-07-17T14:00:00.000Z,"241","8",16,8,0
2024-07-17T17:00:00.000Z,"226","8",16,8,0
2024-07-17T20:00:00.000Z,"194","8",16,8,0
2024-07-17T23:00:00.000Z,"180","8",16,8,0
2024-07-18T02:00:00.000Z,"184","8",16,8,0
2024-07-18T05:00:00.000Z,"199","8",16,8,0
2024-07-18T08:00:00.000Z,"210","8",16,8,0
2024-07-18T11:00:00.000Z,"229","8",16,8,0
2024-07-18T14:00:00.000Z,"249","8",16,8,0
2024-07-18T17:00:00.000Z,"245","8",16,8,0
2024-07-18T20:00:00.000Z,"225","8",16,8,0
2024-07-18T23:00:00.000Z,"207","8",16,8,0
2024-07-19T02:00:00.000Z,"204","8",16,8,0
2024-07-19T05:00:00.000Z,"209","8",16,8,0
2024-07-19T08:00:00.000Z,"216","8",16,8,0
2024-07-19T11:00:00.000Z,"227","8",16,8,0
2024-07-19T14:00:00.000Z,"240","8",16,8,0
2024-07-19T17:00:00.000Z,"232","8",16,8,0
2024-07-19T20:00:00.000Z,"209","8",16,8,0
2024-07-19T23:00:00.000Z,"203","8",16,8,0
2024-07-20T02:00:00.000Z,"199","8",16,8,0
2024-07-20T05:00:00.000Z,"209","8",16,8,0
2024-07-20T08:00:00.000Z,"230","8",16,8,0
2024-07-20T11:00:00.000Z,"247","8",16,8,0
2024-07-20T14:00:00.000Z,"243","8",16,8,0
2024-07-20T17:00:00.000Z,"225","8",16,8,0
2024-07-20T20:00:00.000Z,"204","8",16,8,0
2024-07-20T23:00:00.000Z,"201","8",16,8,0
2024-07-21T02:00:00.000Z,"222","8",16,8,0
2024-07-21T05:00:00.000Z,"241","8",16,8,0
2024-07-21T08:00:00.000Z,"253","8",16,8,0
2024-07-21T11:00:00.000Z,"263","8",16,8,0
2024-07-21T14:00:00.000Z,"261","8",16,8,0
2024-07-21T17:00:00.000Z,"246","8",16,8,0
2024-07-21T20:00:00.000Z,"236","8",16,8,0
2024-07-21T23:00:00.000Z,"226","8",16,8,0
2024-07-22T02:00:00.000Z,"225","8",16,8,0
2024-07-22T05:00:00.000Z,"232","8",16,8,0
2024-07-22T08:00:00.000Z,"247","4",16,8,0
2024-07-22T11:00:00.000Z,"277","4",16,8,0
2024-07-22T14:00:00.000Z,"295","4",16,8,0
2024-07-22T17:00:00.000Z,"282","4",16,8,0
2024-07-22T20:00:00.000Z,"259","4",16,8,0
2024-07-22T23:00:00.000Z,"270","4",16,8,0
2024-07-23T02:00:00.000Z,"299","4",16,8,0
2024-07-23T05:00:00.000Z,"319","4",16,8,0
2024-07-23T08:00:00.000Z,"320","4",16,8,0
2024-07-23T11:00:00.000Z,"317","4",16,8,0
2024-07-23T14:00:00.000Z,"312","4",16,8,0
2024-07-23T17:00:00.000Z,"304","4",16,8,0
2024-07-23T20:00:00.000Z,"302","4",16,8,0
2024-07-23T23:00:00.000Z,"315","4",16,8,0
2024-07-24T02:00:00.000Z,"309","4",16,8,0
2024-07-24T05:00:00.000Z,"285","4",16,8,0
2024-07-24T08:00:00.000Z,"275","4",16,8,0
2024-07-24T11:00:00.000Z,"283","4",16,8,0
2024-07-24T14:00:00.000Z,"289","4",16,8,0
2024-07-24T17:00:00.000Z,"288","4",16,8,0
2024-07-24T20:00:00.000Z,"279","4",16,8,0
2024-07-24T23:00:00.000Z,"275","4",16,8,0
2024-07-25T02:00:00.000Z,"274","4",16,8,0
2024-07-25T05:00:00.000Z,"257","4",16,8,0
2024-07-25T08:00:00.000Z,"249","4",16,8,0
2024-07-25T11:00:00.000Z,"261","4",16,8,0
2024-07-25T14:00:00.000Z,"287","4",16,8,0
2024-07-25T17:00:00.000Z,"300","4",16,8,0
2024-07-25T20:00:00.000Z,"299","4",16,8,0
2024-07-25T23:00:00.000Z,"283","4",16,8,0
2024-07-26T02:00:00.000Z,"261","4",16,8,0
2024-07-26T05:00:00.000Z,"242","4",16,8,0
2024-07-26T08:00:00.000Z,"237","4",16,8,0
2024-07-26T11:00:00.000Z,"237","4",16,8,0
2024-07-26T14:00:00.000Z,"239","4",16,8,0
2024-07-26T17:00:00.000Z,"236","4",16,8,0
2024-07-26T20:00:00.000Z,"213","4",16,8,0
2024-07-26T23:00:00.000Z,"195","4",16,8,0
2024-07-27T02:00:00.000Z,"191","4",16,8,0
2024-07-27T05:00:00.000Z,"192","4",16,8,0
2024-07-27T08:00:00.000Z,"199","4",16,8,0
2024-07-27T11:00:00.000Z,"204","4",16,8,0
2024-07-27T14:00:00.000Z,"212","8",16,8,0
2024-07-27T17:00:00.000Z,"207","8",16,8,0
2024-07-27T20:00:00.000Z,"185","8",16,8,0
2024-07-27T23:00:00.000Z,"164","8",16,8,0
2024-07-28T02:00:00.000Z,"158","8",16,8,0
2024-07-28T05:00:00.000Z,"146","8",16,8,0
2024-07-28T08:00:00.000Z,"134","8",16,8,0
2024-07-28T11:00:00.000Z,"130","8",12,8,0
2024-07-28T14:00:00.000Z,"128","8",12,8,0
2024-07-28T17:00:00.000Z,"136","8",16,8,0
2024-07-28T20:00:00.000Z,"147","8",16,8,0
2024-07-28T23:00:00.000Z,"143","8",16,8,0
2024-07-29T02:00:00.000Z,"138","8",16,8,0
2024-07-29T05:00:00.000Z,"139","8",16,8,0
2024-07-29T08:00:00.000Z,"139","8",16,8,0
2024-07-29T11:00:00.000Z,"137","8",16,8,0
2024-07-29T14:00:00.000Z,"132","8",16,8,0
2024-07-29T17:00:00.000Z,"126","8",12,8,0
2024-07-29T20:00:00.000Z,"124","8",12,8,0
2024-07-29T23:00:00.000Z,"128","8",12,8,0
2024-07-30T02:00:00.000Z,"126","8",12,8,0
2024-07-30T05:00:00.000Z,"115","8",12,8,0
2024-07-30T08:00:00.000Z,"113","8",12,8,0
2024-07-30T11:00:00.000Z,"116","8",12,8,0
2024-07-30T14:00:00.000Z,"123","8",12,8,0
2024-07-30T17:00:00.000Z,"122","8",12,8,0
2024-07-30T20:00:00.000Z,"117","8",12,8,0
2024-07-30T23:00:00.000Z,"107","8",12,8,0
2024-07-31T02:00:00.000Z,"109","8",12,8,0
2024-07-31T05:00:00.000Z,"111","8",12,8,0
2024-07-31T08:00:00.000Z,"113","8",12,8,0
2024-07-31T11:00:00.000Z,"117","8",12,8,0
2024-07-31T14:00:00.000Z,"110","8",12,8,0
2024-07-31T17:00:00.000Z,"110","8",12,8,0
2024-07-31T20:00:00.000Z,"106","8",12,8,0
2024-07-31T23:00:00.000Z,"104","8",12,8,0
2024-08-01T02:00:00.000Z,"112","8",12,8,0
2024-08-01T05:00:00.000Z,"111","8",12,8,0
2024-08-01T08:00:00.000Z,"119","8",12,8,0
2024-08-01T11:00:00.000Z,"151","8",16,8,0
2024-08-01T14:00:00.000Z,"181","8",16,8,0
2024-08-01T17:00:00.000Z,"197","8",16,8,0
2024-08-01T20:00:00.000Z,"189","8",16,8,0
2024-08-01T23:00:00.000Z,"188","8",16,8,0
2024-08-02T02:00:00.000Z,"191","8",16,8,0
2024-08-02T05:00:00.000Z,"181","8",16,8,0
2024-08-02T08:00:00.000Z,"179","8",16,8,0
2024-08-02T11:00:00.000Z,"188","8",16,8,0
2024-08-02T14:00:00.000Z,"200","8",16,8,0
2024-08-02T17:00:00.000Z,"200","8",16,8,0
2024-08-02T20:00:00.000Z,"182","8",16,8,0
2024-08-02T23:00:00.000Z,"191","8",16,8,0
2024-08-03T02:00:00.000Z,"197","8",16,8,0
2024-08-03T05:00:00.000Z,"193","8",16,8,0
2024-08-03T08:00:00.000Z,"193","8",16,8,0
2024-08-03T11:00:00.000Z,"200","8",16,8,0
2024-08-03T14:00:00.000Z,"205","8",16,8,0
2024-08-03T17:00:00.000Z,"211","8",16,8,0
2024-08-03T20:00:00.000Z,"205","8",16,8,0
2024-08-03T23:00:00.000Z,"204","8",16,8,0
2024-08-04T02:00:00.000Z,"208","8",16,8,0
2024-08-04T05:00:00.000Z,"211","8",16,8,0
2024-08-04T08:00:00.000Z,"208","8",16,8,0
2024-08-04T11:00:00.000Z,"196","8",16,8,0
2024-08-04T14:00:00.000Z,"172","8",16,8,0
2024-08-04T17:00:00.000Z,"146","8",16,8,0
2024-08-04T20:00:00.000Z,"127","8",12,8,0
2024-08-04T23:00:00.000Z,"129","8",12,8,0
2024-08-05T02:00:00.000Z,"131","8",12,8,0
2024-08-05T05:00:00.000Z,"123","8",12,8,0
2024-08-05T08:00:00.000Z,"117","8",12,8,0
2024-08-05T11:00:00.000Z,"118","8",12,8,0
2024-08-05T14:00:00.000Z,"129","8",12,8,0
2024-08-05T17:00:00.000Z,"122","8",12,8,0
2024-08-05T20:00:00.000Z,"116","8",12,8,0
2024-08-05T23:00:00.000Z,"116","8",12,8,0
2024-08-06T02:00:00.000Z,"110","8",12,8,0
2024-08-06T05:00:00.000Z,"113","8",12,8,0
2024-08-06T08:00:00.000Z,"113","8",12,8,0
2024-08-06T11:00:00.000Z,"103","8",12,8,0
2024-08-06T14:00:00.000Z,"95.3","8",12,8,0
2024-08-06T17:00:00.000Z,"99.3","8",12,8,0
2024-08-06T20:00:00.000Z,"102","8",12,8,0
2024-08-06T23:00:00.000Z,"95.7","8",12,8,0
2024-08-07T02:00:00.000Z,"94.1","8",12,8,0
2024-08-07T05:00:00.000Z,"92.9","8",12,8,0
2024-08-07T08:00:00.000Z,"91.9","8",12,8,0
2024-08-07T11:00:00.000Z,"93.3","8",12,8,0
2024-08-07T14:00:00.000Z,"104","8",12,8,0
2024-08-07T17:00:00.000Z,"112","8",12,8,0
2024-08-07T20:00:00.000Z,"111","8",12,8,0
2024-08-07T23:00:00.000Z,"105","8",12,8,0
2024-08-08T02:00:00.000Z,"97.0","8",12,8,0
2024-08-08T05:00:00.000Z,"95.3","8",12,8,0
2024-08-08T08:00:00.000Z,"97.8","8",12,8,0
2024-08-08T11:00:00.000Z,"94.4","8",12,8,0
2024-08-08T14:00:00.000Z,"95.5","8",12,8,0
2024-08-08T17:00:00.000Z,"96.8","8",12,8,0
2024-08-08T20:00:00.000Z,"95.4","8",12,8,0
2024-08-08T23:00:00.000Z,"94.6","8",12,8,0
2024-08-09T02:00:00.000Z,"92.1","8",12,8,0
2024-08-09T05:00:00.000Z,"95.2","8",12,8,0
2024-08-09T08:00:00.000Z,"106","8",12,8,0
2024-08-09T11:00:00.000Z,"109","8",12,8,0
2024-08-09T14:00:00.000Z,"105","8",12,8,0
2024-08-09T17:00:00.000Z,"104","8",12,8,0
2024-08-09T20:00:00.000Z,"100","8",12,8,0
2024-08-09T23:00:00.000Z,"91.6","8",12,8,0
2024-08-10T02:00:00.000Z,"84.5","8",12,8,0
2024-08-10T05:00:00.000Z,"85.9","8",12,8,0
2024-08-10T08:00:00.000Z,"99.2","8",12,8,0
2024-08-10T11:00:00.000Z,"103","8",12,8,0
2024-08-10T14:00:00.000Z,"97.2","8",12,8,0
2024-08-10T17:00:00.000Z,"96.2","8",12,8,0
2024-08-10T20:00:00.000Z,"90.7","8",12,8,0
2024-08-10T23:00:00.000Z,"84.5","8",12,8,0
2024-08-11T02:00:00.000Z,"83.5","8",12,8,0
2024-08-11T05:00:00.000Z,"92.5","8",12,8,0
2024-08-11T08:00:00.000Z,"105","8",12,8,0
2024-08-11T11:00:00.000Z,"117","8",12,8,0
2024-08-11T14:00:00.000Z,"122","8",12,8,0
2024-08-11T17:00:00.000Z,"118","8",12,8,0
2024-08-11T20:00:00.000Z,"105","8",12,8,0
2024-08-11T23:00:00.000Z,"92.7","8",12,8,0
2024-08-12T02:00:00.000Z,"92.1","8",12,8,0
2024-08-12T05:00:00.000Z,"99.9","8",12,8,0
2024-08-12T08:00:00.000Z,"102","4",12,8,0
2024-08-12T11:00:00.000Z,"114","4",12,8,0
2024-08-12T14:00:00.000Z,"117","4",12,8,0
2024-08-12T17:00:00.000Z,"113","4",12,8,0
2024-08-12T20:00:00.000Z,"104","4",12,8,0
2024-08-12T23:00:00.000Z,"94.9","4",12,8,0
2024-08-13T02:00:00.000Z,"99.1","4",12,8,0
2024-08-13T05:00:00.000Z,"94.4","4",12,8,0
2024-08-13T08:00:00.000Z,"89.7","4",12,8,0
2024-08-13T11:00:00.000Z,"97.1","4",12,8,0
2024-08-13T14:00:00.000Z,"99.9","4",12,8,0
2024-08-13T17:00:00.000Z,"103","4",12,8,0
2024-08-13T20:00:00.000Z,"105","4",12,8,0
2024-08-13T23:00:00.000Z,"95.9","4",12,8,0
2024-08-14T02:00:00.000Z,"89.0","4",12,8,0
2024-08-14T05:00:00.000Z,"92.3","4",12,8,0
2024-08-14T08:00:00.000Z,"95.5","4",12,8,0
2024-08-14T11:00:00.000Z,"95.0","4",12,8,0
2024-08-14T14:00:00.000Z,"103","4",12,8,0
2024-08-14T17:00:00.000Z,"106","8",12,8,0
2024-08-14T20:00:00.000Z,"108","8",12,8,0
2024-08-14T23:00:00.000Z,"111","8",12,8,0
2024-08-15T02:00:00.000Z,"122","8",12,8,0
2024-08-15T05:00:00.000Z,"126","8",12,8,0
2024-08-15T08:00:00.000Z,"123","8",12,8,0
2024-08-15T11:00:00.000Z,"142","8",12,8,0
2024-08-15T14:00:00.000Z,"228","8",16,8,0
2024-08-15T17:00:00.000Z,"374","8",16,8,0
2024-08-15T20:00:00.000Z,"469","8",16,8,0
2024-08-15T23:00:00.000Z,"494","8",16,8,0
2024-08-16T02:00:00.000Z,"481","8",16,8,0
2024-08-16T05:00:00.000Z,"452","8",16,8,0
2024-08-16T08:00:00.000Z,"422","8",16,8,0
2024-08-16T11:00:00.000Z,"399","8",16,8,0
2024-08-16T14:00:00.000Z,"374","8",16,8,0
2024-08-16T17:00:00.000Z,"350","8",16,8,0
2024-08-16T20:00:00.000Z,"333","8",16,8,0
2024-08-16T23:00:00.000Z,"320","8",16,8,0
2024-08-17T02:00:00.000Z,"312","8",16,8,0
2024-08-17T05:00:00.000Z,"292","8",16,8,0
2024-08-17T08:00:00.000Z,"277","8",16,8,0
2024-08-17T11:00:00.000Z,"262","8",16,8,0
2024-08-17T14:00:00.000Z,"246","8",16,8,0
2024-08-17T17:00:00.000Z,"232","8",16,8,0
2024-08-17T20:00:00.000Z,"220","8",16,8,0
2024-08-17T23:00:00.000Z,"212","8",16,8,0
2024-08-18T02:00:00.000Z,"208","8",16,8,0
2024-08-18T05:00:00.000Z,"199","8",16,8,0
2024-08-18T08:00:00.000Z,"190","8",16,8,0
2024-08-18T11:00:00.000Z,"185","8",16,8,0
2024-08-18T14:00:00.000Z,"178","8",16,8,0
2024-08-18T17:00:00.000Z,"181","8",16,8,0
2024-08-18T20:00:00.000Z,"184","8",16,8,0
2024-08-18T23:00:00.000Z,"182","8",16,8,0
2024-08-19T02:00:00.000Z,"179","8",16,8,0
2024-08-19T05:00:00.000Z,"172","8",16,8,0
2024-08-19T08:00:00.000Z,"161","8",16,8,0
2024-08-19T11:00:00.000Z,"162","8",16,8,0
2024-08-19T14:00:00.000Z,"179","8",16,8,0
2024-08-19T17:00:00.000Z,"187","8",16,8,0
2024-08-19T20:00:00.000Z,"178","8",16,8,0
2024-08-19T23:00:00.000Z,"171","8",16,8,0
2024-08-20T02:00:00.000Z,"175","8",16,8,0
2024-08-20T05:00:00.000Z,"180","8",16,8,0
2024-08-20T08:00:00.000Z,"170","8",16,8,0
2024-08-20T11:00:00.000Z,"154","8",16,8,0
2024-08-20T14:00:00.000Z,"153","8",16,8,0
2024-08-20T17:00:00.000Z,"155","8",16,8,0
2024-08-20T20:00:00.000Z,"150","8",16,8,0
2024-08-20T23:00:00.000Z,"141","8",16,8,0
2024-08-21T02:00:00.000Z,"145","8",16,8,0
2024-08-21T05:00:00.000Z,"149","8",16,8,0
2024-08-21T08:00:00.000Z,"144","8",16,8,0
2024-08-21T11:00:00.000Z,"156","8",16,8,0
2024-08-21T14:00:00.000Z,"164","8",16,8,0
2024-08-21T17:00:00.000Z,"154","8",16,8,0
2024-08-21T20:00:00.000Z,"136","8",16,8,0
2024-08-21T23:00:00.000Z,"129","8",12,8,0
2024-08-22T02:00:00.000Z,"125","8",12,8,0
2024-08-22T05:00:00.000Z,"116","8",12,8,0
2024-08-22T08:00:00.000Z,"120","8",12,8,0
2024-08-22T11:00:00.000Z,"134","8",12,8,0
2024-08-22T14:00:00.000Z,"142","8",16,8,0
2024-08-22T17:00:00.000Z,"136","8",12,8,0
2024-08-22T20:00:00.000Z,"121","8",12,8,0
2024-08-22T23:00:00.000Z,"111","8",12,8,0
2024-08-23T02:00:00.000Z,"116","8",12,8,0
2024-08-23T05:00:00.000Z,"117","8",12,8,0
2024-08-23T08:00:00.000Z,"109","8",12,8,0
2024-08-23T11:00:00.000Z,"104","8",12,8,0
2024-08-23T14:00:00.000Z,"102","8",12,8,0
2024-08-23T17:00:00.000Z,"105","8",12,8,0
2024-08-23T20:00:00.000Z,"101","8",12,8,0
2024-08-23T23:00:00.000Z,"96.2","8",12,8,0
2024-08-24T02:00:00.000Z,"92.8","8",12,8,0
2024-08-24T05:00:00.000Z,"94.2","8",12,8,0
2024-08-24T08:00:00.000Z,"105","8",12,8,0
2024-08-24T11:00:00.000Z,"121","8",12,8,0
2024-08-24T14:00:00.000Z,"127","8",12,8,0
2024-08-24T17:00:00.000Z,"120","8",12,8,0
2024-08-24T20:00:00.000Z,"106","8",12,8,0
2024-08-24T23:00:00.000Z,"101","8",12,8,0
2024-08-25T02:00:00.000Z,"100","8",12,8,0
2024-08-25T05:00:00.000Z,"99.3","8",12,8,0
2024-08-25T08:00:00.000Z,"100","8",12,8,0
2024-08-25T11:00:00.000Z,"106","8",12,8,0
2024-08-25T14:00:00.000Z,"108","8",12,8,0
2024-08-25T17:00:00.000Z,"105","8",12,8,0
2024-08-25T20:00:00.000Z,"101","8",12,8,0
2024-08-25T23:00:00.000Z,"107","8",12,8,0
2024-08-26T02:00:00.000Z,"118","8",12,8,0
2024-08-26T05:00:00.000Z,"149","8",12,8,0
2024-08-26T08:00:00.000Z,"203","8",16,8,0
2024-08-26T11:00:00.000Z,"220","8",16,8,0
2024-08-26T14:00:00.000Z,"204","8",16,8,0
2024-08-26T17:00:00.000Z,"196","8",16,8,0
2024-08-26T20:00:00.000Z,"187","8",16,8,0
2024-08-26T23:00:00.000Z,"179","8",16,8,0
2024-08-27T02:00:00.000Z,"173","8",16,8,0
2024-08-27T05:00:00.000Z,"178","8",16,8,0
2024-08-27T08:00:00.000Z,"193","8",16,8,0
2024-08-27T11:00:00.000Z,"207","8",16,8,0
2024-08-27T14:00:00.000Z,"200","8",16,8,0
2024-08-27T17:00:00.000Z,"180","8",16,8,0
2024-08-27T20:00:00.000Z,"163","8",16,8,0
2024-08-27T23:00:00.000Z,"153","8",16,8,0
2024-08-28T02:00:00.000Z,"150","8",16,8,0
2024-08-28T05:00:00.000Z,"169","8",16,8,0
2024-08-28T08:00:00.000Z,"181","8",16,8,0
2024-08-28T11:00:00.000Z,"187","8",16,8,0
2024-08-28T14:00:00.000Z,"181","8",16,8,0
2024-08-28T17:00:00.000Z,"168","8",16,8,0
2024-08-28T20:00:00.000Z,"144","8",12,8,0
2024-08-28T23:00:00.000Z,"131","8",12,8,0
2024-08-29T02:00:00.000Z,"142","8",16,8,0
2024-08-29T05:00:00.000Z,"164","8",16,8,0
2024-08-29T08:00:00.000Z,"187","8",16,8,0
2024-08-29T11:00:00.000Z,"192","8",16,8,0
2024-08-29T14:00:00.000Z,"191","8",16,8,0
2024-08-29T17:00:00.000Z,"192","8",16,8,0
2024-08-29T20:00:00.000Z,"177","8",16,8,0
2024-08-29T23:00:00.000Z,"170","8",16,8,0
2024-08-30T02:00:00.000Z,"182","8",16,8,0
2024-08-30T05:00:00.000Z,"184","8",16,8,0
2024-08-30T08:00:00.000Z,"180","8",16,8,0
2024-08-30T11:00:00.000Z,"173","8",16,8,0
2024-08-30T14:00:00.000Z,"151","8",16,8,0
2024-08-30T17:00:00.000Z,"138","8",16,8,0
2024-08-30T20:00:00.000Z,"140","8",16,8,0
2024-08-30T23:00:00.000Z,"160","8",16,8,0
2024-08-31T02:00:00.000Z,"191","8",16,8,0
2024-08-31T05:00:00.000Z,"211","8",16,8,0
2024-08-31T08:00:00.000Z,"212","8",16,8,0
2024-08-31T11:00:00.000Z,"202","8",16,8,0
2024-08-31T14:00:00.000Z,"182","8",16,8,0
2024-08-31T17:00:00.000Z,"168","8",16,8,0
2024-08-31T20:00:00.000Z,"158","8",16,8,0
2024-08-31T23:00:00.000Z,"150","8",16,8,0
2024-09-01T02:00:00.000Z,"161","8",16,8,0
2024-09-01T05:00:00.000Z,"173","8",16,8,0
2024-09-01T08:00:00.000Z,"189","8",16,8,0
2024-09-01T11:00:00.000Z,"201","8",16,8,0
2024-09-01T14:00:00.000Z,"195","8",16,8,0
2024-09-01T17:00:00.000Z,"181","8",16,8,0
2024-09-01T20:00:00.000Z,"165","8",16,8,0
2024-09-01T23:00:00.000Z,"152","8",16,8,0
2024-09-02T02:00:00.000Z,"167","8",16,8,0
2024-09-02T05:00:00.000Z,"194","8",16,8,0
2024-09-02T08:00:00.000Z,"217","8",16,8,0
2024-09-02T11:00:00.000Z,"222","8",16,8,0
2024-09-02T14:00:00.000Z,"204","8",16,8,0
2024-09-02T17:00:00.000Z,"175","8",16,8,0
2024-09-02T20:00:00.000Z,"156","8",16,8,0
2024-09-02T23:00:00.000Z,"145","8",16,8,0
2024-09-03T02:00:00.000Z,"142","8",16,8,0
2024-09-03T05:00:00.000Z,"149","8",16,8,0
2024-09-03T08:00:00.000Z,"157","8",16,8,0
2024-09-03T11:00:00.000Z,"179","8",16,8,0
2024-09-03T14:00:00.000Z,"203","8",16,8,0
2024-09-03T17:00:00.000Z,"219","8",16,8,0
2024-09-03T20:00:00.000Z,"222","8",16,8,0
2024-09-03T23:00:00.000Z,"224","8",16,8,0
2024-09-04T02:00:00.000Z,"229","8",16,8,0
2024-09-04T05:00:00.000Z,"226","8",16,8,0
2024-09-04T08:00:00.000Z,"218","8",16,8,0
2024-09-04T11:00:00.000Z,"199","8",16,8,0
2024-09-04T14:00:00.000Z,"189","8",16,8,0
2024-09-04T17:00:00.000Z,"185","8",16,8,0
2024-09-04T20:00:00.000Z,"198","8",16,8,0
2024-09-04T23:00:00.000Z,"213","8",16,8,0
2024-09-05T02:00:00.000Z,"251","8",16,8,0
2024-09-05T05:00:00.000Z,"311","8",16,8,0
2024-09-05T08:00:00.000Z,"350","8",16,8,0
2024-09-05T11:00:00.000Z,"359","8",16,8,0
2024-09-05T14:00:00.000Z,"368","8",16,8,0
2024-09-05T17:00:00.000Z,"373","8",16,8,0
2024-09-05T20:00:00.000Z,"396","8",16,8,0
2024-09-05T23:00:00.000Z,"464","8",16,8,0
2024-09-06T02:00:00.000Z,"566","8",16,8,0
2024-09-06T05:00:00.000Z,"610","8",16,8,0
2024-09-06T08:00:00.000Z,"614","8",16,8,0
2024-09-06T11:00:00.000Z,"598","8",16,8,0
2024-09-06T14:00:00.000Z,"571","8",16,8,0
2024-09-06T17:00:00.000Z,"541","8",16,8,0
2024-09-06T20:00:00.000Z,"510","8",16,8,0
2024-09-06T23:00:00.000Z,"479","8",16,8,0
2024-09-07T02:00:00.000Z,"453","8",16,8,0
2024-09-07T05:00:00.000Z,"433","8",16,8,0
2024-09-07T08:00:00.000Z,"416","8",16,8,0
2024-09-07T11:00:00.000Z,"402","8",16,8,0
2024-09-07T14:00:00.000Z,"420","8",16,8,0
2024-09-07T17:00:00.000Z,"416","8",16,8,0
2024-09-07T20:00:00.000Z,"403","8",16,8,0
2024-09-07T23:00:00.000Z,"396","8",16,8,0
2024-09-08T02:00:00.000Z,"388","8",16,8,0
2024-09-08T05:00:00.000Z,"374","8",16,8,0
2024-09-08T08:00:00.000Z,"386","8",16,8,0
2024-09-08T11:00:00.000Z,"422","8",16,8,0
2024-09-08T14:00:00.000Z,"469","8",16,8,0
2024-09-08T17:00:00.000Z,"517","8",16,8,0
2024-09-08T20:00:00.000Z,"541","8",16,8,0
2024-09-08T23:00:00.000Z,"538","8",16,8,0
2024-09-09T02:00:00.000Z,"522","8",16,8,0
2024-09-09T05:00:00.000Z,"504","8",16,8,0
2024-09-09T08:00:00.000Z,"495","8",16,8,0
2024-09-09T11:00:00.000Z,"483","8",16,8,0
2024-09-09T14:00:00.000Z,"459","8",16,8,0
2024-09-09T17:00:00.000Z,"419","8",16,8,0
2024-09-09T20:00:00.000Z,"386","8",16,8,0
2024-09-09T23:00:00.000Z,"369","8",16,8,0
2024-09-10T02:00:00.000Z,"355","8",16,8,0
2024-09-10T05:00:00.000Z,"325","8",16,8,0
2024-09-10T08:00:00.000Z,"318","8",16,8,0
2024-09-10T11:00:00.000Z,"323","8",16,8,0
2024-09-10T14:00:00.000Z,"318","8",16,8,0
2024-09-10T17:00:00.000Z,"303","8",16,8,0
2024-09-10T20:00:00.000Z,"290","8",16,8,0
2024-09-10T23:00:00.000Z,"282","8",16,8,0
2024-09-11T02:00:00.000Z,"266","8",16,8,0
2024-09-11T05:00:00.000Z,"254","8",16,8,0
2024-09-11T08:00:00.000Z,"281","8",16,8,0
2024-09-11T11:00:00.000Z,"303","8",16,8,0
2024-09-11T14:00:00.000Z,"284","8",16,8,0
2024-09-11T17:00:00.000Z,"259","8",16,8,0
2024-09-11T20:00:00.000Z,"248","8",16,8,0
2024-09-11T23:00:00.000Z,"251","8",16,8,0
2024-09-12T02:00:00.000Z,"252","8",16,8,0
2024-09-12T05:00:00.000Z,"246","8",16,8,0
2024-09-12T08:00:00.000Z,"236","8",16,8,0
2024-09-12T11:00:00.000Z,"244","8",16,8,0
2024-09-12T14:00:00.000Z,"243","8",16,8,0
2024-09-12T17:00:00.000Z,"242","8",16,8,0
2024-09-12T20:00:00.000Z,"238","8",16,8,0
2024-09-12T23:00:00.000Z,"233","8",16,8,0
2024-09-13T02:00:00.000Z,"231","8",16,8,0
2024-09-13T05:00:00.000Z,"226","8",16,8,0
2024-09-13T08:00:00.000Z,"225","8",16,8,0
2024-09-13T11:00:00.000Z,"236","8",16,8,0
2024-09-13T14:00:00.000Z,"247","8",16,8,0
2024-09-13T17:00:00.000Z,"250","8",16,8,0
2024-09-13T20:00:00.000Z,"264","8",16,8,0
2024-09-13T23:00:00.000Z,"293","8",16,8,0
2024-09-14T02:00:00.000Z,"301","8",16,8,0
2024-09-14T05:00:00.000Z,"318","8",16,8,0
2024-09-14T08:00:00.000Z,"339","8",16,8,0
2024-09-14T11:00:00.000Z,"337","8",16,8,0
2024-09-14T14:00:00.000Z,"318","8",16,8,0
2024-09-14T17:00:00.000Z,"309","8",16,8,0
2024-09-14T20:00:00.000Z,"308","8",16,8,0
2024-09-14T23:00:00.000Z,"304","8",16,8,0
2024-09-15T02:00:00.000Z,"294","8",16,8,0
2024-09-15T05:00:00.000Z,"280","8",16,8,0
2024-09-15T08:00:00.000Z,"275","8",16,8,0
2024-09-15T11:00:00.000Z,"273","8",16,8,0
2024-09-15T14:00:00.000Z,"268","8",16,8,0
2024-09-15T17:00:00.000Z,"245","8",16,8,0
2024-09-15T20:00:00.000Z,"216","8",16,8,0
2024-09-15T23:00:00.000Z,"212","8",16,8,0
2024-09-16T02:00:00.000Z,"218","8",16,8,0
2024-09-16T05:00:00.000Z,"212","8",16,8,0
2024-09-16T08:00:00.000Z,"205","8",16,8,0
2024-09-16T11:00:00.000Z,"221","8",16,8,0
2024-09-16T14:00:00.000Z,"227","8",16,8,0
2024-09-16T17:00:00.000Z,"214","8",16,8,0
2024-09-16T20:00:00.000Z,"203","8",16,8,0
2024-09-16T23:00:00.000Z,"194","8",16,8,0
2024-09-17T02:00:00.000Z,"186","8",16,8,0
2024-09-17T05:00:00.000Z,"180","8",16,8,0
2024-09-17T08:00:00.000Z,"182","8",16,8,0
2024-09-17T11:00:00.000Z,"188","8",16,8,0
2024-09-17T14:00:00.000Z,"202","8",16,8,0
2024-09-17T17:00:00.000Z,"207","8",16,8,0
2024-09-17T20:00:00.000Z,"196","8",16,8,0
2024-09-17T23:00:00.000Z,"189","8",16,8,0
2024-09-18T02:00:00.000Z,"181","8",16,8,0
2024-09-18T05:00:00.000Z,"170","8",16,8,0
2024-09-18T08:00:00.000Z,"163","8",16,8,0
2024-09-18T11:00:00.000Z,"169","8",16,8,0
2024-09-18T14:00:00.000Z,"179","8",16,8,0
2024-09-18T17:00:00.000Z,"180","8",16,8,0
2024-09-18T20:00:00.000Z,"176","8",16,8,0
2024-09-18T23:00:00.000Z,"173","8",16,8,0
2024-09-19T02:00:00.000Z,"173","8",16,8,0
2024-09-19T05:00:00.000Z,"177","8",16,8,0
2024-09-19T08:00:00.000Z,"167","8",16,8,0
2024-09-19T11:00:00.000Z,"164","8",16,8,0
2024-09-19T14:00:00.000Z,"176","8",16,8,0
2024-09-19T17:00:00.000Z,"175","8",16,8,0
2024-09-19T20:00:00.000Z,"164","8",16,8,0
2024-09-19T23:00:00.000Z,"161","8",16,8,0
2024-09-20T02:00:00.000Z,"167","8",16,8,0
2024-09-20T05:00:00.000Z,"183","8",16,8,0
2024-09-20T08:00:00.000Z,"184","8",16,8,0
2024-09-20T11:00:00.000Z,"179","8",16,8,0
2024-09-20T14:00:00.000Z,"179","8",16,8,0
2024-09-20T17:00:00.000Z,"178","8",16,8,0
2024-09-20T20:00:00.000Z,"171","8",16,8,0
2024-09-20T23:00:00.000Z,"165","8",16,8,0
2024-09-21T02:00:00.000Z,"162","8",16,8,0
2024-09-21T05:00:00.000Z,"171","8",16,8,0
2024-09-21T08:00:00.000Z,"176","8",16,8,0
2024-09-21T11:00:00.000Z,"172","8",16,8,0
2024-09-21T14:00:00.000Z,"176","8",16,8,0
2024-09-21T17:00:00.000Z,"182","8",16,8,0
2024-09-21T20:00:00.000Z,"179","8",16,8,0
2024-09-21T23:00:00.000Z,"175","8",16,8,0
2024-09-22T02:00:00.000Z,"161","8",16,8,0
2024-09-22T05:00:00.000Z,"161","8",16,8,0
2024-09-22T08:00:00.000Z,"179","8",16,8,0
2024-09-22T11:00:00.000Z,"175","8",16,8,0
2024-09-22T14:00:00.000Z,"162","8",16,8,0
2024-09-22T17:00:00.000Z,"162","8",16,8,0
2024-09-22T20:00:00.000Z,"166","8",16,8,0
2024-09-22T23:00:00.000Z,"163","8",16,8,0
2024-09-23T02:00:00.000Z,"160","8",16,8,0
2024-09-23T05:00:00.000Z,"160","8",16,8,0
2024-09-23T08:00:00.000Z,"162","8",16,8,0
2024-09-23T11:00:00.000Z,"159","8",16,8,0
2024-09-23T14:00:00.000Z,"154","8",16,8,0
2024-09-23T17:00:00.000Z,"151","8",16,8,0
2024-09-23T20:00:00.000Z,"176","8",16,8,0
2024-09-23T23:00:00.000Z,"200","8",16,8,0
2024-09-24T02:00:00.000Z,"210","8",16,8,0
2024-09-24T05:00:00.000Z,"214","8",16,8,0
2024-09-24T08:00:00.000Z,"228","8",16,8,0
2024-09-24T11:00:00.000Z,"257","8",16,8,0
2024-09-24T14:00:00.000Z,"275","8",16,8,0
2024-09-24T17:00:00.000Z,"281","8",16,8,0
2024-09-24T20:00:00.000Z,"277","8",16,8,0
2024-09-24T23:00:00.000Z,"272","8",16,8,0
2024-09-25T02:00:00.000Z,"261","8",16,8,0
2024-09-25T05:00:00.000Z,"256","8",16,8,0
2024-09-25T08:00:00.000Z,"262","8",16,8,0
2024-09-25T11:00:00.000Z,"246","8",16,8,0
2024-09-25T14:00:00.000Z,"221","8",16,8,0
2024-09-25T17:00:00.000Z,"210","8",16,8,0
2024-09-25T20:00:00.000Z,"217","8",16,8,0
2024-09-25T23:00:00.000Z,"221","8",16,8,0
2024-09-26T02:00:00.000Z,"213","8",16,8,0
2024-09-26T05:00:00.000Z,"206","8",16,8,0
2024-09-26T08:00:00.000Z,"219","8",16,8,0
2024-09-26T11:00:00.000Z,"236","8",16,8,0
2024-09-26T14:00:00.000Z,"245","8",16,8,0
2024-09-26T17:00:00.000Z,"267","8",16,8,0
2024-09-26T20:00:00.000Z,"304","8",16,8,0
2024-09-26T23:00:00.000Z,"327","8",16,8,0
2024-09-27T02:00:00.000Z,"308","8",16,8,0
2024-09-27T05:00:00.000Z,"294","8",16,8,0
2024-09-27T08:00:00.000Z,"291","8",16,8,0
2024-09-27T11:00:00.000Z,"282","8",16,8,0
2024-09-27T14:00:00.000Z,"273","8",16,8,0
2024-09-27T17:00:00.000Z,"266","8",16,8,0
2024-09-27T20:00:00.000Z,"269","8",16,8,0
2024-09-27T23:00:00.000Z,"294","8",16,8,0
2024-09-28T02:00:00.000Z,"311","8",16,8,0
2024-09-28T05:00:00.000Z,"323","8",16,8,0
2024-09-28T08:00:00.000Z,"331","8",16,8,0
2024-09-28T11:00:00.000Z,"341","8",16,8,0
2024-09-28T14:00:00.000Z,"348","8",16,8,0
2024-09-28T17:00:00.000Z,"344","8",16,8,0
2024-09-28T20:00:00.000Z,"352","8",16,8,0
2024-09-28T23:00:00.000Z,"345","8",16,8,0
2024-09-29T02:00:00.000Z,"331","8",16,8,0
2024-09-29T05:00:00.000Z,"325","8",16,8,0
2024-09-29T08:00:00.000Z,"326","8",16,8,0
2024-09-29T11:00:00.000Z,"325","8",16,8,0
2024-09-29T14:00:00.000Z,"321","8",16,8,0
2024-09-29T17:00:00.000Z,"326","8",16,8,0
2024-09-29T20:00:00.000Z,"333","8",16,8,0
2024-09-29T23:00:00.000Z,"331","8",16,8,0
2024-09-30T02:00:00.000Z,"328","8",16,8,0
2024-09-30T05:00:00.000Z,"327","8",16,8,0
2024-09-30T08:00:00.000Z,"329","8",16,8,0
2024-09-30T11:00:00.000Z,"322","8",16,8,0
2024-09-30T14:00:00.000Z,"309","4",16,8,0
2024-09-30T17:00:00.000Z,"299","4",16,8,0
2024-09-30T20:00:00.000Z,"276","4",16,8,0
2024-09-30T23:00:00.000Z,"258","4",16,8,0
2024-10-01T02:00:00.000Z,"248","4",16,8,0
2024-10-01T05:00:00.000Z,"247","4",16,8,0
2024-10-01T08:00:00.000Z,"246","4",16,8,0
2024-10-01T11:00:00.000Z,"257","4",16,8,0
2024-10-01T14:00:00.000Z,"274","4",16,8,0
2024-10-01T17:00:00.000Z,"275","4",16,8,0
2024-10-01T20:00:00.000Z,"265","4",16,8,0
2024-10-01T23:00:00.000Z,"267","4",16,8,0
2024-10-02T02:00:00.000Z,"267","4",16,8,0
2024-10-02T05:00:00.000Z,"263","4",16,8,0
2024-10-02T08:00:00.000Z,"261","4",16,8,0
2024-10-02T11:00:00.000Z,"265","4",16,8,0
2024-10-02T14:00:00.000Z,"270","4",16,8,0
2024-10-02T17:00:00.000Z,"264","8",16,8,0
2024-10-02T20:00:00.000Z,"252","8",16,8,0
2024-10-02T23:00:00.000Z,"232","8",16,8,0
2024-10-03T02:00:00.000Z,"205","8",16,8,0
2024-10-03T05:00:00.000Z,"193","8",16,8,0
2024-10-03T08:00:00.000Z,"195","8",16,8,0
2024-10-03T11:00:00.000Z,"201","8",16,8,0
2024-10-03T14:00:00.000Z,"222","8",16,8,0
2024-10-03T17:00:00.000Z,"282","8",16,8,0
2024-10-03T20:00:00.000Z,"373","8",16,8,0
2024-10-03T23:00:00.000Z,"414","8",16,8,0
2024-10-04T02:00:00.000Z,"449","8",16,8,0
2024-10-04T05:00:00.000Z,"458","8",16,8,0
2024-10-04T08:00:00.000Z,"429","8",16,8,0
2024-10-04T11:00:00.000Z,"392","8",16,8,0
2024-10-04T14:00:00.000Z,"365","8",16,8,0
2024-10-04T17:00:00.000Z,"359","8",16,8,0
2024-10-04T20:00:00.000Z,"377","8",16,8,0
2024-10-04T23:00:00.000Z,"382","8",16,8,0
2024-10-05T02:00:00.000Z,"382","8",16,8,0
2024-10-05T05:00:00.000Z,"425","8",16,8,0
2024-10-05T08:00:00.000Z,"452","8",16,8,0
2024-10-05T11:00:00.000Z,"445","8",16,8,0
2024-10-05T14:00:00.000Z,"455","8",16,8,0
2024-10-05T17:00:00.000Z,"458","8",16,8,0
2024-10-05T20:00:00.000Z,"433","8",16,8,0
2024-10-05T23:00:00.000Z,"407","8",16,8,0
2024-10-06T02:00:00.000Z,"398","8",16,8,0
2024-10-06T05:00:00.000Z,"405","8",16,8,0
2024-10-06T08:00:00.000Z,"399","8",16,8,0
2024-10-06T11:00:00.000Z,"385","8",16,8,0
2024-10-06T14:00:00.000Z,"373","8",16,8,0
2024-10-06T17:00:00.000Z,"352","8",16,8,0
2024-10-06T20:00:00.000Z,"340","8",16,8,0
2024-10-06T23:00:00.000Z,"329","8",16,8,0
2024-10-07T02:00:00.000Z,"313","8",16,8,0
2024-10-07T05:00:00.000Z,"306","8",16,8,0
2024-10-07T08:00:00.000Z,"299","8",16,8,0
2024-10-07T11:00:00.000Z,"298","8",16,8,0
2024-10-07T14:00:00.000Z,"290","8",16,8,0
2024-10-07T17:00:00.000Z,"281","8",16,8,0
2024-10-07T20:00:00.000Z,"273","8",16,8,0
2024-10-07T23:00:00.000Z,"263","8",16,8,0
2024-10-08T02:00:00.000Z,"258","8",16,8,0
2024-10-08T05:00:00.000Z,"253","8",16,8,0
2024-10-08T08:00:00.000Z,"249","8",16,8,0
2024-10-08T11:00:00.000Z,"259","8",16,8,0
2024-10-08T14:00:00.000Z,"277","8",16,8,0
2024-10-08T17:00:00.000Z,"321","8",16,8,0
2024-10-08T20:00:00.000Z,"355","8",16,8,0
2024-10-08T23:00:00.000Z,"364","8",16,8,0
2024-10-09T02:00:00.000Z,"398","8",16,8,0
2024-10-09T05:00:00.000Z,"414","8",16,8,0
2024-10-09T08:00:00.000Z,"411","8",16,8,0
2024-10-09T11:00:00.000Z,"389","8",16,8,0
2024-10-09T14:00:00.000Z,"347","8",16,8,0
2024-10-09T17:00:00.000Z,"305","8",16,8,0
2024-10-09T20:00:00.000Z,"300","8",16,8,0
2024-10-09T23:00:00.000Z,"338","8",16,8,0
2024-10-10T02:00:00.000Z,"365","8",16,8,0
2024-10-10T05:00:00.000Z,"363","8",16,8,0
2024-10-10T08:00:00.000Z,"343","8",16,8,0
2024-10-10T11:00:00.000Z,"330","8",16,8,0
2024-10-10T14:00:00.000Z,"324","8",16,8,0
2024-10-10T17:00:00.000Z,"319","8",16,8,0
2024-10-10T20:00:00.000Z,"305","8",16,8,0
2024-10-10T23:00:00.000Z,"304","8",16,8,0
2024-10-11T02:00:00.000Z,"327","8",16,8,0
2024-10-11T05:00:00.000Z,"374","8",16,8,0
2024-10-11T08:00:00.000Z,"409","8",16,8,0
2024-10-11T11:00:00.000Z,"413","8",16,8,0
2024-10-11T14:00:00.000Z,"413","8",16,8,0
2024-10-11T17:00:00.000Z,"426","8",16,8,0
2024-10-11T20:00:00.000Z,"447","8",16,8,0
2024-10-11T23:00:00.000Z,"480","8",16,8,0
2024-10-12T02:00:00.000Z,"550","8",16,8,0
2024-10-12T05:00:00.000Z,"605","8",16,8,0
2024-10-12T08:00:00.000Z,"606","8",16,8,0
2024-10-12T11:00:00.000Z,"605","8",16,8,0
2024-10-12T14:00:00.000Z,"599","8",16,8,0
2024-10-12T17:00:00.000Z,"570","8",16,8,0
2024-10-12T20:00:00.000Z,"550","8",16,8,0
2024-10-12T23:00:00.000Z,"589","8",16,8,0
2024-10-13T02:00:00.000Z,"622","8",16,8,0
2024-10-13T05:00:00.000Z,"577","8",16,8,0
2024-10-13T08:00:00.000Z,"497","8",16,8,0
2024-10-13T11:00:00.000Z,"442","8",16,8,0
2024-10-13T14:00:00.000Z,"413","8",16,8,0
2024-10-13T17:00:00.000Z,"399","8",16,8,0
2024-10-13T20:00:00.000Z,"380","8",16,8,0
2024-10-13T23:00:00.000Z,"360","8",16,8,0
2024-10-14T02:00:00.000Z,"365","8",16,8,0
2024-10-14T05:00:00.000Z,"387","8",16,8,0
2024-10-14T08:00:00.000Z,"377","8",16,8,0
2024-10-14T11:00:00.000Z,"338","8",16,8,0
2024-10-14T14:00:00.000Z,"296","8",16,8,0
2024-10-14T17:00:00.000Z,"268","8",16,8,0
2024-10-14T20:00:00.000Z,"246","8",16,8,0
2024-10-14T23:00:00.000Z,"226","8",16,8,0
2024-10-15T02:00:00.000Z,"229","8",16,8,0
2024-10-15T05:00:00.000Z,"247","8",16,8,0
2024-10-15T08:00:00.000Z,"251","8",16,8,0
2024-10-15T11:00:00.000Z,"243","8",16,8,0
2024-10-15T14:00:00.000Z,"251","8",16,8,0
2024-10-15T17:00:00.000Z,"303","8",16,8,0
2024-10-15T20:00:00.000Z,"367","8",16,8,0
2024-10-15T23:00:00.000Z,"397","8",16,8,0
2024-10-16T02:00:00.000Z,"412","8",16,8,0
2024-10-16T05:00:00.000Z,"414","8",16,8,0
2024-10-16T08:00:00.000Z,"409","8",16,8,0
2024-10-16T11:00:00.000Z,"399","8",16,8,0
2024-10-16T14:00:00.000Z,"417","8",16,8,0
2024-10-16T17:00:00.000Z,"433","8",16,8,0
2024-10-16T20:00:00.000Z,"408","8",16,8,0
2024-10-16T23:00:00.000Z,"370","8",16,8,0
2024-10-17T02:00:00.000Z,"341","8",16,8,0
2024-10-17T05:00:00.000Z,"334","8",16,8,0
2024-10-17T08:00:00.000Z,"318","8",16,8,0
2024-10-17T11:00:00.000Z,"282","8",16,8,0
2024-10-17T14:00:00.000Z,"265","8",16,8,0
2024-10-17T17:00:00.000Z,"255","8",16,8,0
2024-10-17T20:00:00.000Z,"274","8",16,8,0
2024-10-17T23:00:00.000Z,"315","8",16,8,0
2024-10-18T02:00:00.000Z,"349","8",16,8,0
2024-10-18T05:00:00.000Z,"430","8",16,8,0
2024-10-18T08:00:00.000Z,"646","8",16,8,0
2024-10-18T11:00:00.000Z,"862","8",16,8,0
2024-10-18T14:00:00.000Z,"1110","8",16,8,0
2024-10-18T17:00:00.000Z,"1370","8",16,8,0
2024-10-18T20:00:00.000Z,"1570","8",16,8,0
2024-10-18T23:00:00.000Z,"1810","8",16,8,0
2024-10-19T02:00:00.000Z,"2120","8",16,8,0
2024-10-19T05:00:00.000Z,"2340","8",16,8,0
2024-10-19T08:00:00.000Z,"2430","8",16,8,0
2024-10-19T11:00:00.000Z,"2450","8",16,8,0
2024-10-19T14:00:00.000Z,"2420","8",16,8,0
2024-10-19T17:00:00.000Z,"2320","8",16,8,0
2024-10-19T20:00:00.000Z,"2210","8",16,8,0
2024-10-19T23:00:00.000Z,"2080","8",16,8,0
2024-10-20T02:00:00.000Z,"1910","8",16,8,0
2024-10-20T05:00:00.000Z,"1740","8",16,8,0
2024-10-20T08:00:00.000Z,"1580","8",16,8,0
2024-10-20T11:00:00.000Z,"1430","8",16,8,0
2024-10-20T14:00:00.000Z,"1310","8",16,8,0
2024-10-20T17:00:00.000Z,"1210","8",16,8,0
2024-10-20T20:00:00.000Z,"1130","8",16,8,0
2024-10-20T23:00:00.000Z,"1080","8",16,8,0
2024-10-21T02:00:00.000Z,"1070","8",16,8,0
2024-10-21T05:00:00.000Z,"1030","8",16,8,0
2024-10-21T08:00:00.000Z,"966","8",16,8,0
2024-10-21T11:00:00.000Z,"919","8",16,8,0
2024-10-21T14:00:00.000Z,"879","8",16,8,0
2024-10-21T17:00:00.000Z,"807","8",16,8,0
2024-10-21T20:00:00.000Z,"735","8",16,8,0
2024-10-21T23:00:00.000Z,"724","8",16,8,0
2024-10-22T02:00:00.000Z,"760","8",16,8,0
2024-10-22T05:00:00.000Z,"778","8",16,8,0
2024-10-22T08:00:00.000Z,"734","4",16,8,0
2024-10-22T11:00:00.000Z,"683","4",16,8,0
2024-10-22T14:00:00.000Z,"652","4",16,8,0
2024-10-22T17:00:00.000Z,"645","4",16,8,0
2024-10-22T20:00:00.000Z,"657","4",16,8,0
2024-10-22T23:00:00.000Z,"678","4",16,8,0
2024-10-23T02:00:00.000Z,"696","4",16,8,0
2024-10-23T05:00:00.000Z,"693","4",16,8,0
2024-10-23T08:00:00.000Z,"678","4",16,8,0
2024-10-23T11:00:00.000Z,"651","4",16,8,0
2024-10-23T14:00:00.000Z,"622","4",16,8,0
2024-10-23T17:00:00.000Z,"598","4",16,8,0
2024-10-23T20:00:00.000Z,"583","4",16,8,0
2024-10-23T23:00:00.000Z,"581","4",16,8,0
2024-10-24T02:00:00.000Z,"598","4",16,8,0
2024-10-24T05:00:00.000Z,"625","4",16,8,0
2024-10-24T08:00:00.000Z,"633","4",16,8,0
2024-10-24T11:00:00.000Z,"620","4",16,8,0
2024-10-24T14:00:00.000Z,"603","4",16,8,0
2024-10-24T17:00:00.000Z,"613","4",16,8,0
2024-10-24T20:00:00.000Z,"617","4",16,8,0
2024-10-24T23:00:00.000Z,"619","4",16,8,0
2024-10-25T02:00:00.000Z,"632","4",16,8,0
2024-10-25T05:00:00.000Z,"622","4",16,8,0
2024-10-25T08:00:00.000Z,"576","4",16,8,0
2024-10-25T11:00:00.000Z,"552","4",16,8,0
2024-10-25T14:00:00.000Z,"539","4",16,8,0
2024-10-25T17:00:00.000Z,"529","4",16,8,0
2024-10-25T20:00:00.000Z,"513","4",16,8,0
2024-10-25T23:00:00.000Z,"495","4",16,8,0
2024-10-26T02:00:00.000Z,"501","4",16,8,0
2024-10-26T05:00:00.000Z,"528","4",16,8,0
2024-10-26T08:00:00.000Z,"503","4",16,8,0
2024-10-26T11:00:00.000Z,"483","4",16,8,0
2024-10-26T14:00:00.000Z,"488","4",16,8,0
2024-10-26T17:00:00.000Z,"510","4",16,8,0
2024-10-26T20:00:00.000Z,"515","4",16,8,0
2024-10-26T23:00:00.000Z,"502","4",16,8,0
2024-10-27T02:00:00.000Z,"516","4",16,8,0
2024-10-27T05:00:00.000Z,"562","4",16,8,0
2024-10-27T08:00:00.000Z,"574","4",16,8,0
2024-10-27T11:00:00.000Z,"576","4",16,8,0
2024-10-27T14:00:00.000Z,"597","4",16,8,0
2024-10-27T17:00:00.000Z,"619","4",16,8,0
2024-10-27T20:00:00.000Z,"665","4",16,8,0
2024-10-27T23:00:00.000Z,"858","4",16,8,0
2024-10-28T02:00:00.000Z,"1120","4",16,8,0
2024-10-28T05:00:00.000Z,"1250","4",16,8,0
2024-10-28T08:00:00.000Z,"1300","4",16,8,0
2024-10-28T11:00:00.000Z,"1340","4",16,8,0
2024-10-28T14:00:00.000Z,"1360","4",16,8,0
2024-10-28T17:00:00.000Z,"1370","4",16,8,0
2024-10-28T20:00:00.000Z,"1350","4",16,8,0
2024-10-28T23:00:00.000Z,"1320","4",16,8,0
2024-10-29T02:00:00.000Z,"1280","4",16,8,0
2024-10-29T05:00:00.000Z,"1230","4",16,8,0
2024-10-29T08:00:00.000Z,"1190","4",16,8,0
2024-10-29T11:00:00.000Z,"1160","4",16,8,0
2024-10-29T14:00:00.000Z,"1120","4",16,8,0
2024-10-29T17:00:00.000Z,"1080","4",16,8,0
2024-10-29T20:00:00.000Z,"1060","4",16,8,0
2024-10-29T23:00:00.000Z,"1080","4",16,8,0
2024-10-30T02:00:00.000Z,"1080","4",16,8,0
2024-10-30T05:00:00.000Z,"1030","4",16,8,0
2024-10-30T08:00:00.000Z,"973","4",16,8,0
2024-10-30T11:00:00.000Z,"939","4",16,8,0
2024-10-30T14:00:00.000Z,"951","4",16,8,0
2024-10-30T17:00:00.000Z,"964","4",16,8,0
2024-10-30T20:00:00.000Z,"959","4",16,8,0
2024-10-30T23:00:00.000Z,"935","4",16,8,0
2024-10-31T02:00:00.000Z,"901","4",16,8,0
2024-10-31T05:00:00.000Z,"864","4",16,8,0
2024-10-31T08:00:00.000Z,"816","4",16,8,0
2024-10-31T11:00:00.000Z,"779","4",16,8,0
2024-10-31T14:00:00.000Z,"816","8",16,8,0
2024-10-31T17:00:00.000Z,"854","8",16,8,0
2024-10-31T20:00:00.000Z,"833","8",16,8,0
2024-10-31T23:00:00.000Z,"792","8",16,8,0
2024-11-01T02:00:00.000Z,"770","8",16,8,0
2024-11-01T05:00:00.000Z,"778","8",16,8,0
2024-11-01T08:00:00.000Z,"769","8",16,8,0
2024-11-01T11:00:00.000Z,"746","8",16,8,0
2024-11-01T14:00:00.000Z,"739","8",16,8,0
2024-11-01T17:00:00.000Z,"748","8",16,8,0
2024-11-01T20:00:00.000Z,"742","8",16,8,0
2024-11-01T23:00:00.000Z,"720","8",16,8,0
2024-11-02T02:00:00.000Z,"706","8",16,8,0
2024-11-02T05:00:00.000Z,"700","8",16,8,0
2024-11-02T08:00:00.000Z,"680","8",16,8,0
2024-11-02T11:00:00.000Z,"648","8",16,8,0
2024-11-02T14:00:00.000Z,"613","8",16,8,0
2024-11-02T17:00:00.000Z,"584","8",16,8,0
2024-11-02T20:00:00.000Z,"562","8",16,8,0
2024-11-02T23:00:00.000Z,"569","8",16,8,0
2024-11-03T02:00:00.000Z,"615","8",16,8,0
2024-11-03T05:00:00.000Z,"664","8",16,8,0
2024-11-03T08:00:00.000Z,"671","8",16,8,0
2024-11-03T11:00:00.000Z,"661","8",16,8,0
2024-11-03T14:00:00.000Z,"649","8",16,8,0
2024-11-03T17:00:00.000Z,"623","8",16,8,0
2024-11-03T20:00:00.000Z,"604","8",16,8,0
2024-11-03T23:00:00.000Z,"608","8",16,8,0
2024-11-04T02:00:00.000Z,"627","8",16,8,0
2024-11-04T05:00:00.000Z,"633","8",16,8,0
2024-11-04T08:00:00.000Z,"613","8",16,8,0
2024-11-04T11:00:00.000Z,"576","8",16,8,0
2024-11-04T14:00:00.000Z,"531","8",16,8,0
2024-11-04T17:00:00.000Z,"490","8",16,8,0
2024-11-04T20:00:00.000Z,"450","8",16,8,0
2024-11-04T23:00:00.000Z,"420","8",16,8,0
2024-11-05T02:00:00.000Z,"423","8",16,8,0
2024-11-05T05:00:00.000Z,"456","8",16,8,0
2024-11-05T08:00:00.000Z,"502","8",16,8,0
2024-11-05T11:00:00.000Z,"520","8",16,8,0
2024-11-05T14:00:00.000Z,"529","8",16,8,0
2024-11-05T17:00:00.000Z,"522","8",16,8,0
2024-11-05T20:00:00.000Z,"500","8",16,8,0
2024-11-05T23:00:00.000Z,"486","8",16,8,0
2024-11-06T02:00:00.000Z,"494","8",16,8,0
2024-11-06T05:00:00.000Z,"503","8",16,8,0
2024-11-06T08:00:00.000Z,"493","8",16,8,0
2024-11-06T11:00:00.000Z,"475","8",16,8,0
2024-11-06T14:00:00.000Z,"475","8",16,8,0
2024-11-06T17:00:00.000Z,"480","8",16,8,0
2024-11-06T20:00:00.000Z,"468","8",16,8,0
2024-11-06T23:00:00.000Z,"468","8",16,8,0
2024-11-07T02:00:00.000Z,"501","8",16,8,0
2024-11-07T05:00:00.000Z,"520","8",16,8,0
2024-11-07T08:00:00.000Z,"505","8",16,8,0
2024-11-07T11:00:00.000Z,"472","8",16,8,0
2024-11-07T14:00:00.000Z,"459","8",16,8,0
2024-11-07T17:00:00.000Z,"478","8",16,8,0
2024-11-07T20:00:00.000Z,"483","8",16,8,0
2024-11-07T23:00:00.000Z,"488","8",16,8,0
2024-11-08T02:00:00.000Z,"513","8",16,8,0
2024-11-08T05:00:00.000Z,"520","8",16,8,0
2024-11-08T08:00:00.000Z,"491","8",16,8,0
2024-11-08T11:00:00.000Z,"459","8",16,8,0
2024-11-08T14:00:00.000Z,"425","8",16,8,0
2024-11-08T17:00:00.000Z,"402","8",16,8,0
2024-11-08T20:00:00.000Z,"394","8",16,8,0
2024-11-08T23:00:00.000Z,"378","8",16,8,0
2024-11-09T02:00:00.000Z,"365","8",16,8,0
2024-11-09T05:00:00.000Z,"382","8",16,8,0
2024-11-09T08:00:00.000Z,"414","8",16,8,0
2024-11-09T11:00:00.000Z,"419","8",16,8,0
2024-11-09T14:00:00.000Z,"409","8",16,8,0
2024-11-09T17:00:00.000Z,"424","8",16,8,0
2024-11-09T20:00:00.000Z,"431","8",16,8,0
2024-11-09T23:00:00.000Z,"431","8",16,8,0
2024-11-10T02:00:00.000Z,"459","8",16,8,0
2024-11-10T05:00:00.000Z,"477","8",16,8,0
2024-11-10T08:00:00.000Z,"468","8",16,8,0
2024-11-10T11:00:00.000Z,"449","8",16,8,0
2024-11-10T14:00:00.000Z,"430","8",16,8,0
2024-11-10T17:00:00.000Z,"430","8",16,8,0
2024-11-10T20:00:00.000Z,"440","8",16,8,0
2024-11-10T23:00:00.000Z,"448","8",16,8,0
2024-11-11T02:00:00.000Z,"473","8",16,8,0
2024-11-11T05:00:00.000Z,"496","8",16,8,0
2024-11-11T08:00:00.000Z,"490","8",16,8,0
2024-11-11T11:00:00.000Z,"457","8",16,8,0
2024-11-11T14:00:00.000Z,"407","8",16,8,0
2024-11-11T17:00:00.000Z,"369","8",16,8,0
2024-11-11T20:00:00.000Z,"355","8",16,8,0
2024-11-11T23:00:00.000Z,"371","8",16,8,0
2024-11-12T02:00:00.000Z,"409","8",16,8,0
2024-11-12T05:00:00.000Z,"460","8",16,8,0
2024-11-12T08:00:00.000Z,"465","4",16,8,0
2024-11-12T11:00:00.000Z,"434","4",16,8,0
2024-11-12T14:00:00.000Z,"394","4",16,8,0
2024-11-12T17:00:00.000Z,"365","4",16,8,0
2024-11-12T20:00:00.000Z,"367","4",16,8,0
2024-11-12T23:00:00.000Z,"372","4",16,8,0
2024-11-13T02:00:00.000Z,"372","4",16,8,0
2024-11-13T05:00:00.000Z,"381","4",16,8,0
2024-11-13T08:00:00.000Z,"375","4",16,8,0
2024-11-13T11:00:00.000Z,"348","4",16,8,0
2024-11-13T14:00:00.000Z,"331","4",16,8,0
2024-11-13T17:00:00.000Z,"328","4",16,8,0
2024-11-13T20:00:00.000Z,"336","4",16,8,0
2024-11-13T23:00:00.000Z,"364","4",16,8,0
2024-11-14T02:00:00.000Z,"393","4",16,8,0
2024-11-14T05:00:00.000Z,"405","4",16,8,0
2024-11-14T08:00:00.000Z,"402","4",16,8,0
2024-11-14T11:00:00.000Z,"404","4",16,8,0
2024-11-14T14:00:00.000Z,"405","4",16,8,0
2024-11-14T17:00:00.000Z,"409","4",16,8,0
2024-11-14T20:00:00.000Z,"419","4",16,8,0
2024-11-14T23:00:00.000Z,"424","4",16,8,0
2024-11-15T02:00:00.000Z,"437","4",16,8,0
2024-11-15T05:00:00.000Z,"443","4",16,8,0
2024-11-15T08:00:00.000Z,"432","4",16,8,0
2024-11-15T11:00:00.000Z,"417","4",16,8,0
2024-11-15T14:00:00.000Z,"396","4",16,8,0
2024-11-15T17:00:00.000Z,"394","4",16,8,0
2024-11-15T20:00:00.000Z,"423","4",16,8,0
2024-11-15T23:00:00.000Z,"441","4",16,8,0
2024-11-16T02:00:00.000Z,"469","4",16,8,0
2024-11-16T05:00:00.000Z,"480","4",16,8,0
2024-11-16T08:00:00.000Z,"462","4",16,8,0
2024-11-16T11:00:00.000Z,"444","4",16,8,0
2024-11-16T14:00:00.000Z,"465","4",16,8,0
2024-11-16T17:00:00.000Z,"494","4",16,8,0
2024-11-16T20:00:00.000Z,"498","4",16,8,0
2024-11-16T23:00:00.000Z,"499","4",16,8,0
2024-11-17T02:00:00.000Z,"515","4",16,8,0
2024-11-17T05:00:00.000Z,"516","4",16,8,0
2024-11-17T08:00:00.000Z,"484","4",16,8,0
2024-11-17T11:00:00.000Z,"425","4",16,8,0
2024-11-17T14:00:00.000Z,"364","4",16,8,0
2024-11-17T17:00:00.000Z,"342","4",16,8,0
2024-11-17T20:00:00.000Z,"344","4",16,8,0
2024-11-17T23:00:00.000Z,"356","4",16,8,0
2024-11-18T02:00:00.000Z,"372","4",16,8,0
2024-11-18T05:00:00.000Z,"380","4",16,8,0
2024-11-18T08:00:00.000Z,"359","4",16,8,0
2024-11-18T11:00:00.000Z,"305","4",16,8,0
2024-11-18T14:00:00.000Z,"255","4",16,8,0
2024-11-18T17:00:00.000Z,"252","4",16,8,0
2024-11-18T20:00:00.000Z,"257","4",16,8,0
2024-11-18T23:00:00.000Z,"254","4",16,8,0
2024-11-19T02:00:00.000Z,"250","4",16,8,0
2024-11-19T05:00:00.000Z,"291","4",16,8,0
2024-11-19T08:00:00.000Z,"330","4",16,8,0
2024-11-19T11:00:00.000Z,"321","4",16,8,0
2024-11-19T14:00:00.000Z,"306","4",16,8,0
2024-11-19T17:00:00.000Z,"316","4",16,8,0
2024-11-19T20:00:00.000Z,"335","4",16,8,0
2024-11-19T23:00:00.000Z,"332","4",16,8,0
2024-11-20T02:00:00.000Z,"365","4",16,8,0
2024-11-20T05:00:00.000Z,"437","4",16,8,0
2024-11-20T08:00:00.000Z,"456","4",16,8,0
2024-11-20T11:00:00.000Z,"417","8",16,8,0
2024-11-20T14:00:00.000Z,"357","8",16,8,0
2024-11-20T17:00:00.000Z,"324","8",16,8,0
2024-11-20T20:00:00.000Z,"324","8",16,8,0
2024-11-20T23:00:00.000Z,"331","8",16,8,0
2024-11-21T02:00:00.000Z,"343","8",16,8,0
2024-11-21T05:00:00.000Z,"357","8",16,8,0
2024-11-21T08:00:00.000Z,"364","8",16,8,0
2024-11-21T11:00:00.000Z,"370","8",16,8,0
2024-11-21T14:00:00.000Z,"378","8",16,8,0
2024-11-21T17:00:00.000Z,"409","8",16,8,0
2024-11-21T20:00:00.000Z,"456","8",16,8,0
2024-11-21T23:00:00.000Z,"527","8",16,8,0
2024-11-22T02:00:00.000Z,"559","8",16,8,0
2024-11-22T05:00:00.000Z,"586","8",16,8,0
2024-11-22T08:00:00.000Z,"652","8",16,8,0
2024-11-22T11:00:00.000Z,"696","8",16,8,0
2024-11-22T14:00:00.000Z,"740","8",16,8,0
2024-11-22T17:00:00.000Z,"839","8",16,8,0
2024-11-22T20:00:00.000Z,"929","8",16,8,0
2024-11-22T23:00:00.000Z,"1010","8",16,8,0
2024-11-23T02:00:00.000Z,"1030","8",16,8,0
2024-11-23T05:00:00.000Z,"1030","8",16,8,0
2024-11-23T08:00:00.000Z,"1020","8",16,8,0
2024-11-23T11:00:00.000Z,"1030","8",16,8,0
2024-11-23T14:00:00.000Z,"1040","8",16,8,0
2024-11-23T17:00:00.000Z,"1050","8",16,8,0
2024-11-23T20:00:00.000Z,"1070","8",16,8,0
2024-11-23T23:00:00.000Z,"1060","8",16,8,0
2024-11-24T02:00:00.000Z,"1030","8",16,8,0
2024-11-24T05:00:00.000Z,"978","8",16,8,0
2024-11-24T08:00:00.000Z,"915","8",16,8,0
2024-11-24T11:00:00.000Z,"852","8",16,8,0
2024-11-24T14:00:00.000Z,"804","8",16,8,0
2024-11-24T17:00:00.000Z,"763","8",16,8,0
2024-11-24T20:00:00.000Z,"730","8",16,8,0
2024-11-24T23:00:00.000Z,"703","8",16,8,0
2024-11-25T02:00:00.000Z,"661","8",16,8,0
2024-11-25T05:00:00.000Z,"611","8",16,8,0
2024-11-25T08:00:00.000Z,"560","8",16,8,0
2024-11-25T11:00:00.000Z,"519","8",16,8,0
2024-11-25T14:00:00.000Z,"499","8",16,8,0
2024-11-25T17:00:00.000Z,"503","8",16,8,0
2024-11-25T20:00:00.000Z,"505","8",16,8,0
2024-11-25T23:00:00.000Z,"493","8",16,8,0
2024-11-26T02:00:00.000Z,"483","8",16,8,0
2024-11-26T05:00:00.000Z,"495","8",16,8,0
2024-11-26T08:00:00.000Z,"497","8",16,8,0
2024-11-26T11:00:00.000Z,"491","8",16,8,0
2024-11-26T14:00:00.000Z,"486","8",16,8,0
2024-11-26T17:00:00.000Z,"486","8",16,8,0
2024-11-26T20:00:00.000Z,"547","8",16,8,0
2024-11-26T23:00:00.000Z,"597","8",16,8,0
2024-11-27T02:00:00.000Z,"618","8",16,8,0
2024-11-27T05:00:00.000Z,"659","8",16,8,0
2024-11-27T08:00:00.000Z,"715","8",16,8,0
2024-11-27T11:00:00.000Z,"740","8",16,8,0
2024-11-27T14:00:00.000Z,"741","8",16,8,0
2024-11-27T17:00:00.000Z,"741","8",16,8,0
2024-11-27T20:00:00.000Z,"718","8",16,8,0
2024-11-27T23:00:00.000Z,"730","8",16,8,0
2024-11-28T02:00:00.000Z,"773","8",16,8,0
2024-11-28T05:00:00.000Z,"794","8",16,8,0
2024-11-28T08:00:00.000Z,"753","8",16,8,0
2024-11-28T11:00:00.000Z,"708","8",16,8,0
2024-11-28T14:00:00.000Z,"680","8",16,8,0
2024-11-28T17:00:00.000Z,"653","8",16,8,0
2024-11-28T20:00:00.000Z,"630","8",16,8,0
2024-11-28T23:00:00.000Z,"621","8",16,8,0
2024-11-29T02:00:00.000Z,"626","8",16,8,0
2024-11-29T05:00:00.000Z,"633","8",16,8,0
2024-11-29T08:00:00.000Z,"604","8",16,8,0
2024-11-29T11:00:00.000Z,"577","8",16,8,0
2024-11-29T14:00:00.000Z,"609","8",16,8,0
2024-11-29T17:00:00.000Z,"675","8",16,8,0
2024-11-29T20:00:00.000Z,"704","8",16,8,0
2024-11-29T23:00:00.000Z,"719","8",16,8,0
2024-11-30T02:00:00.000Z,"725","8",16,8,0
2024-11-30T05:00:00.000Z,"706","8",16,8,0
2024-11-30T08:00:00.000Z,"666","8",16,8,0
2024-11-30T11:00:00.000Z,"622","8",16,8,0
2024-11-30T14:00:00.000Z,"612","8",16,8,0
2024-11-30T17:00:00.000Z,"614","8",16,8,0
2024-11-30T20:00:00.000Z,"593","8",16,8,0
2024-11-30T23:00:00.000Z,"596","8",16,8,0
2024-12-01T02:00:00.000Z,"616","8",16,8,0
2024-12-01T05:00:00.000Z,"610","8",16,8,0
2024-12-01T08:00:00.000Z,"572","8",16,8,0
2024-12-01T11:00:00.000Z,"531","8",16,8,0
2024-12-01T14:00:00.000Z,"514","8",16,8,0
2024-12-01T17:00:00.000Z,"521","8",16,8,0
2024-12-01T20:00:00.000Z,"522","8",16,8,0
2024-12-01T23:00:00.000Z,"534","8",16,8,0
2024-12-02T02:00:00.000Z,"560","8",16,8,0
2024-12-02T05:00:00.000Z,"566","8",16,8,0
2024-12-02T08:00:00.000Z,"537","8",16,8,0
2024-12-02T11:00:00.000Z,"496","8",16,8,0
2024-12-02T14:00:00.000Z,"468","8",16,8,0
2024-12-02T17:00:00.000Z,"451","8",16,8,0
2024-12-02T20:00:00.000Z,"428","8",16,8,0
2024-12-02T23:00:00.000Z,"410","8",16,8,0
2024-12-03T02:00:00.000Z,"417","8",16,8,0
2024-12-03T05:00:00.000Z,"445","8",16,8,0
2024-12-03T08:00:00.000Z,"450","8",16,8,0
2024-12-03T11:00:00.000Z,"428","8",16,8,0
2024-12-03T14:00:00.000Z,"413","8",16,8,0
2024-12-03T17:00:00.000Z,"432","8",16,8,0
2024-12-03T20:00:00.000Z,"476","8",16,8,0
2024-12-03T23:00:00.000Z,"487","8",16,8,0
2024-12-04T02:00:00.000Z,"487","8",16,8,0
2024-12-04T05:00:00.000Z,"525","8",16,8,0
2024-12-04T08:00:00.000Z,"524","8",16,8,0
2024-12-04T11:00:00.000Z,"482","8",16,8,0
2024-12-04T14:00:00.000Z,"450","8",16,8,0
2024-12-04T17:00:00.000Z,"476","8",16,8,0
2024-12-04T20:00:00.000Z,"528","8",16,8,0
2024-12-04T23:00:00.000Z,"603","8",16,8,0
2024-12-05T02:00:00.000Z,"662","8",16,8,0
2024-12-05T05:00:00.000Z,"660","8",16,8,0
2024-12-05T08:00:00.000Z,"632","8",16,8,0
2024-12-05T11:00:00.000Z,"624","8",16,8,0
2024-12-05T14:00:00.000Z,"658","8",16,8,0
2024-12-05T17:00:00.000Z,"682","8",16,8,0
2024-12-05T20:00:00.000Z,"688","8",16,8,0
2024-12-05T23:00:00.000Z,"686","8",16,8,0
2024-12-06T02:00:00.000Z,"716","8",16,8,0
2024-12-06T05:00:00.000Z,"718","8",16,8,0
2024-12-06T08:00:00.000Z,"664","8",16,8,0
2024-12-06T11:00:00.000Z,"610","8",16,8,0
2024-12-06T14:00:00.000Z,"603","8",16,8,0
2024-12-06T17:00:00.000Z,"623","8",16,8,0
2024-12-06T20:00:00.000Z,"646","8",16,8,0
2024-12-06T23:00:00.000Z,"650","8",16,8,0
2024-12-07T02:00:00.000Z,"617","8",16,8,0
2024-12-07T05:00:00.000Z,"552","8",16,8,0
2024-12-07T08:00:00.000Z,"491","8",16,8,0
2024-12-07T11:00:00.000Z,"450","8",16,8,0
2024-12-07T14:00:00.000Z,"421","8",16,8,0
2024-12-07T17:00:00.000Z,"427","8",16,8,0
2024-12-07T20:00:00.000Z,"457","8",16,8,0
2024-12-07T23:00:00.000Z,"514","8",16,8,0
2024-12-08T02:00:00.000Z,"585","8",16,8,0
2024-12-08T05:00:00.000Z,"631","8",16,8,0
2024-12-08T08:00:00.000Z,"661","8",16,8,0
2024-12-08T11:00:00.000Z,"661","8",16,8,0
2024-12-08T14:00:00.000Z,"667","8",16,8,0
2024-12-08T17:00:00.000Z,"682","8",16,8,0
2024-12-08T20:00:00.000Z,"671","8",16,8,0
2024-12-08T23:00:00.000Z,"695","8",16,8,0
2024-12-09T02:00:00.000Z,"794","8",16,8,0
2024-12-09T05:00:00.000Z,"887","8",16,8,0
2024-12-09T08:00:00.000Z,"950","8",16,8,0
2024-12-09T11:00:00.000Z,"1000","8",16,8,0
2024-12-09T14:00:00.000Z,"1030","8",16,8,0
2024-12-09T17:00:00.000Z,"1020","8",16,8,0
2024-12-09T20:00:00.000Z,"998","8",16,8,0
2024-12-09T23:00:00.000Z,"978","8",16,8,0
2024-12-10T02:00:00.000Z,"997","8",16,8,0
2024-12-10T05:00:00.000Z,"1050","8",16,8,0
2024-12-10T08:00:00.000Z,"1080","8",16,8,0
2024-12-10T11:00:00.000Z,"1080","8",16,8,0
2024-12-10T14:00:00.000Z,"1070","8",16,8,0
2024-12-10T17:00:00.000Z,"1090","8",16,8,0
2024-12-10T20:00:00.000Z,"1110","8",16,8,0
2024-12-10T23:00:00.000Z,"1210","8",16,8,0
2024-12-11T02:00:00.000Z,"1310","8",16,8,0
2024-12-11T05:00:00.000Z,"1320","8",16,8,0
2024-12-11T08:00:00.000Z,"1290","8",16,8,0
2024-12-11T11:00:00.000Z,"1240","8",16,8,0
2024-12-11T14:00:00.000Z,"1200","8",16,8,0
2024-12-11T17:00:00.000Z,"1160","8",16,8,0
2024-12-11T20:00:00.000Z,"1130","8",16,8,0
2024-12-11T23:00:00.000Z,"1120","8",16,8,0
2024-12-12T02:00:00.000Z,"1110","8",16,8,0
2024-12-12T05:00:00.000Z,"1070","8",16,8,0
2024-12-12T08:00:00.000Z,"1020","8",16,8,0
2024-12-12T11:00:00.000Z,"985","8",16,8,0
2024-12-12T14:00:00.000Z,"1010","8",16,8,0
2024-12-12T17:00:00.000Z,"1020","8",16,8,0
2024-12-12T20:00:00.000Z,"1010","8",16,8,0
2024-12-12T23:00:00.000Z,"1000","8",16,8,0
2024-12-13T02:00:00.000Z,"994","8",16,8,0
2024-12-13T05:00:00.000Z,"981","8",16,8,0
2024-12-13T08:00:00.000Z,"952","8",16,8,0
2024-12-13T11:00:00.000Z,"932","8",16,8,0
2024-12-13T14:00:00.000Z,"940","8",16,8,0
2024-12-13T17:00:00.000Z,"929","8",16,8,0
2024-12-13T20:00:00.000Z,"904","8",16,8,0
2024-12-13T23:00:00.000Z,"935","8",16,8,0
2024-12-14T02:00:00.000Z,"957","8",16,8,0
2024-12-14T05:00:00.000Z,"935","8",16,8,0
2024-12-14T08:00:00.000Z,"899","8",16,8,0
2024-12-14T11:00:00.000Z,"885","8",16,8,0
2024-12-14T14:00:00.000Z,"883","8",16,8,0
2024-12-14T17:00:00.000Z,"885","8",16,8,0
2024-12-14T20:00:00.000Z,"888","8",16,8,0
2024-12-14T23:00:00.000Z,"883","8",16,8,0
2024-12-15T02:00:00.000Z,"869","8",16,8,0
2024-12-15T05:00:00.000Z,"842","8",16,8,0
2024-12-15T08:00:00.000Z,"808","8",16,8,0
2024-12-15T11:00:00.000Z,"761","8",16,8,0
2024-12-15T14:00:00.000Z,"723","8",16,8,0
2024-12-15T17:00:00.000Z,"727","8",16,8,0
2024-12-15T20:00:00.000Z,"761","8",16,8,0
2024-12-15T23:00:00.000Z,"780","8",16,8,0
2024-12-16T02:00:00.000Z,"768","8",16,8,0
2024-12-16T05:00:00.000Z,"720","8",16,8,0
2024-12-16T08:00:00.000Z,"672","4",16,8,0
2024-12-16T11:00:00.000Z,"628","4",16,8,0
2024-12-16T14:00:00.000Z,"586","4",16,8,0
2024-12-16T17:00:00.000Z,"549","4",16,8,0
2024-12-16T20:00:00.000Z,"502","4",16,8,0
2024-12-16T23:00:00.000Z,"498","4",16,8,0
2024-12-17T02:00:00.000Z,"553","4",16,8,0
2024-12-17T05:00:00.000Z,"594","4",16,8,0
2024-12-17T08:00:00.000Z,"579","4",16,8,0
2024-12-17T11:00:00.000Z,"545","4",16,8,0
2024-12-17T14:00:00.000Z,"523","4",16,8,0
2024-12-17T17:00:00.000Z,"530","4",16,8,0
2024-12-17T20:00:00.000Z,"538","4",16,8,0
2024-12-17T23:00:00.000Z,"555","4",16,8,0
2024-12-18T02:00:00.000Z,"600","4",16,8,0
2024-12-18T05:00:00.000Z,"629","4",16,8,0
2024-12-18T08:00:00.000Z,"612","4",16,8,0
2024-12-18T11:00:00.000Z,"589","4",16,8,0
2024-12-18T14:00:00.000Z,"605","4",16,8,0
2024-12-18T17:00:00.000Z,"657","4",16,8,0
2024-12-18T20:00:00.000Z,"693","4",16,8,0
2024-12-18T23:00:00.000Z,"705","4",16,8,0
2024-12-19T02:00:00.000Z,"691","4",16,8,0
2024-12-19T05:00:00.000Z,"652","4",16,8,0
2024-12-19T08:00:00.000Z,"605","4",16,8,0
2024-12-19T11:00:00.000Z,"567","4",16,8,0
2024-12-19T14:00:00.000Z,"549","4",16,8,0
2024-12-19T17:00:00.000Z,"566","4",16,8,0
2024-12-19T20:00:00.000Z,"592","4",16,8,0
2024-12-19T23:00:00.000Z,"600","4",16,8,0
2024-12-20T02:00:00.000Z,"595","4",16,8,0
2024-12-20T05:00:00.000Z,"592","4",16,8,0
2024-12-20T08:00:00.000Z,"605","4",16,8,0
2024-12-20T11:00:00.000Z,"579","4",16,8,0
2024-12-20T14:00:00.000Z,"555","4",16,8,0
2024-12-20T17:00:00.000Z,"552","4",16,8,0
2024-12-20T20:00:00.000Z,"563","4",16,8,0
2024-12-20T23:00:00.000Z,"606","4",16,8,0
2024-12-21T02:00:00.000Z,"684","4",16,8,0
2024-12-21T05:00:00.000Z,"771","4",16,8,0
2024-12-21T08:00:00.000Z,"818","4",16,8,0
2024-12-21T11:00:00.000Z,"800","4",16,8,0
2024-12-21T14:00:00.000Z,"834","4",16,8,0
2024-12-21T17:00:00.000Z,"903","4",16,8,0
2024-12-21T20:00:00.000Z,"910","4",16,8,0
2024-12-21T23:00:00.000Z,"922","4",16,8,0
2024-12-22T02:00:00.000Z,"918","4",16,8,0
2024-12-22T05:00:00.000Z,"869","4",16,8,0
2024-12-22T08:00:00.000Z,"811","4",16,8,0
2024-12-22T11:00:00.000Z,"772","4",16,8,0
2024-12-22T14:00:00.000Z,"757","4",16,8,0
2024-12-22T17:00:00.000Z,"775","4",16,8,0
2024-12-22T20:00:00.000Z,"785","4",16,8,0
2024-12-22T23:00:00.000Z,"771","4",16,8,0
2024-12-23T02:00:00.000Z,"734","4",16,8,0
2024-12-23T05:00:00.000Z,"693","4",16,8,0
2024-12-23T08:00:00.000Z,"704","4",16,8,0
2024-12-23T11:00:00.000Z,"739","4",16,8,0
2024-12-23T14:00:00.000Z,"799","4",16,8,0
2024-12-23T17:00:00.000Z,"838","4",16,8,0
2024-12-23T20:00:00.000Z,"857","4",16,8,0
2024-12-23T23:00:00.000Z,"886","4",16,8,0
2024-12-24T02:00:00.000Z,"907","4",16,8,0
2024-12-24T05:00:00.000Z,"992","4",16,8,0
2024-12-24T08:00:00.000Z,"1100","4",16,8,0
2024-12-24T11:00:00.000Z,"1160","4",16,8,0
2024-12-24T14:00:00.000Z,"1200","4",16,8,0
2024-12-24T17:00:00.000Z,"1190","4",16,8,0
2024-12-24T20:00:00.000Z,"1160","4",16,8,0
2024-12-24T23:00:00.000Z,"1150","4",16,8,0
2024-12-25T02:00:00.000Z,"1140","4",16,8,0
2024-12-25T05:00:00.000Z,"1130","4",16,8,0
2024-12-25T08:00:00.000Z,"1120","4",16,8,0
2024-12-25T11:00:00.000Z,"1130","4",16,8,0
2024-12-25T14:00:00.000Z,"1140","4",16,8,0
2024-12-25T17:00:00.000Z,"1110","4",16,8,0
2024-12-25T20:00:00.000Z,"1090","4",16,8,0
2024-12-25T23:00:00.000Z,"1070","4",16,8,0
2024-12-26T02:00:00.000Z,"1080","4",16,8,0
2024-12-26T05:00:00.000Z,"1080","4",16,8,0
2024-12-26T08:00:00.000Z,"1070","4",16,8,0
2024-12-26T11:00:00.000Z,"1040","4",16,8,0
2024-12-26T14:00:00.000Z,"1020","4",16,8,0
2024-12-26T17:00:00.000Z,"1000","4",16,8,0
2024-12-26T20:00:00.000Z,"995","4",16,8,0
2024-12-26T23:00:00.000Z,"988","4",16,8,0
2024-12-27T02:00:00.000Z,"993","4",16,8,0
2024-12-27T05:00:00.000Z,"1000","4",16,8,0
2024-12-27T08:00:00.000Z,"989","4",16,8,0
2024-12-27T11:00:00.000Z,"971","4",16,8,0
2024-12-27T14:00:00.000Z,"958","4",16,8,0
2024-12-27T17:00:00.000Z,"947","4",16,8,0
2024-12-27T20:00:00.000Z,"924","4",16,8,0
2024-12-27T23:00:00.000Z,"903","4",16,8,0
2024-12-28T02:00:00.000Z,"902","4",16,8,0
2024-12-28T05:00:00.000Z,"906","4",16,8,0
2024-12-28T08:00:00.000Z,"897","4",16,8,0
2024-12-28T11:00:00.000Z,"899","4",16,8,0
2024-12-28T14:00:00.000Z,"924","4",16,8,0
2024-12-28T17:00:00.000Z,"936","4",16,8,0
2024-12-28T20:00:00.000Z,"926","4",16,8,0
2024-12-28T23:00:00.000Z,"935","4",16,8,0
2024-12-29T02:00:00.000Z,"949","4",16,8,0
2024-12-29T05:00:00.000Z,"941","4",16,8,0
2024-12-29T08:00:00.000Z,"928","4",16,8,0
2024-12-29T11:00:00.000Z,"924","4",16,8,0
2024-12-29T14:00:00.000Z,"929","4",16,8,0
2024-12-29T17:00:00.000Z,"915","4",16,8,0
2024-12-29T20:00:00.000Z,"896","4",16,8,0
2024-12-29T23:00:00.000Z,"905","4",16,8,0
2024-12-30T02:00:00.000Z,"902","4",16,8,0
2024-12-30T05:00:00.000Z,"887","4",16,8,0
2024-12-30T08:00:00.000Z,"862","4",16,8,0
2024-12-30T11:00:00.000Z,"814","4",16,8,0
2024-12-30T14:00:00.000Z,"752","4",16,8,0
2024-12-30T17:00:00.000Z,"725","4",16,8,0
2024-12-30T20:00:00.000Z,"720","4",16,8,0
2024-12-30T23:00:00.000Z,"721","4",16,8,0
2024-12-31T02:00:00.000Z,"741","4",16,8,0
2024-12-31T05:00:00.000Z,"749","4",16,8,0
2024-12-31T08:00:00.000Z,"718","4",16,8,0
2024-12-31T11:00:00.000Z,"671","4",16,8,0
2024-12-31T14:00:00.000Z,"629","4",16,8,0
2024-12-31T17:00:00.000Z,"639","4",16,8,0
2024-12-31T20:00:00.000Z,"675","4",16,8,0
2024-12-31T23:00:00.000Z,"702","4",16,8,0